0,100131648@N04,30471008962,D:\flickr_image\images\100131648@N04_30471008962.jpg,11,-73.7793055555556,40.6433055555556
0,100131648@N04,30499876131,D:\flickr_image\images\100131648@N04_30499876131.jpg,12,-73.7793055555556,40.6433055555556
1,100131648@N04,30587916005,D:\flickr_image\images\100131648@N04_30587916005.jpg,0,-73.7815555555556,40.6441277777778
1,10455001@N07,35295113685,D:\flickr_image\images\10455001@N07_35295113685.jpg,3,-73.7826777777778,40.6440722222222
1,10455001@N07,35295113485,D:\flickr_image\images\10455001@N07_35295113485.jpg,0,-73.7823722222222,40.6440972222222
0,10455001@N07,35165280741,D:\flickr_image\images\10455001@N07_35165280741.jpg,0,-73.7796166666667,40.6433444444444
1,10455001@N07,34485300343,D:\flickr_image\images\10455001@N07_34485300343.jpg,8,-73.7825861111111,40.6441083333333
2,105537326@N05,29588624484,D:\flickr_image\images\105537326@N05_29588624484.jpg,16,-73.7753305555556,40.6456416666667
10,11374644@N06,35342843760,D:\flickr_image\images\11374644@N06_35342843760.jpg,2,-73.7792194444445,40.6380166666667
1,11374644@N06,35730119035,D:\flickr_image\images\11374644@N06_35730119035.jpg,2,-73.7835305555556,40.6405305555556
3,11374644@N06,35342844400,D:\flickr_image\images\11374644@N06_35342844400.jpg,2,-73.7844611111111,40.6422416666667
1,11374644@N06,35560923752,D:\flickr_image\images\11374644@N06_35560923752.jpg,1,-73.7823472222222,40.6426388888889
1,11374644@N06,35560923902,D:\flickr_image\images\11374644@N06_35560923902.jpg,4,-73.78235,40.6426388888889
1,11374644@N06,35342844280,D:\flickr_image\images\11374644@N06_35342844280.jpg,10,-73.78235,40.6426388888889
1,11374644@N06,35560923992,D:\flickr_image\images\11374644@N06_35560923992.jpg,12,-73.7823472222222,40.6426388888889
1,117240881@N02,28966335320,D:\flickr_image\images\117240881@N02_28966335320.jpg,3,-73.7838972222222,40.6414
1,117240881@N02,29175828301,D:\flickr_image\images\117240881@N02_29175828301.jpg,0,-73.7838138888889,40.6414333333333
1,117240881@N02,29175828371,D:\flickr_image\images\117240881@N02_29175828371.jpg,3,-73.78395,40.6414083333333
4,11881702@N00,26393345877,D:\flickr_image\images\11881702@N00_26393345877.jpg,6,-73.7798472222222,40.6469916666667
5,132353868@N02,46682736341,D:\flickr_image\images\132353868@N02_46682736341.jpg,2,-73.7926472222222,40.6419555555556
6,132609224@N06,27980079573,D:\flickr_image\images\132609224@N06_27980079573.jpg,0,-73.7921361111111,40.6495805555556
6,132609224@N06,27980079793,D:\flickr_image\images\132609224@N06_27980079793.jpg,0,-73.7921361111111,40.6495805555556
6,132609224@N06,28311645810,D:\flickr_image\images\132609224@N06_28311645810.jpg,0,-73.7921361111111,40.6495805555556
6,132609224@N06,28563301996,D:\flickr_image\images\132609224@N06_28563301996.jpg,0,-73.7921361111111,40.6495805555556
14,13875847@N00,27274313578,D:\flickr_image\images\13875847@N00_27274313578.jpg,0,-73.7868888888889,40.6426166666667
5,142938205@N05,23540812488,D:\flickr_image\images\142938205@N05_23540812488.jpg,4,-73.7893,40.6411888888889
1,142938205@N05,33443831785,D:\flickr_image\images\142938205@N05_33443831785.jpg,7,-73.7827,40.6404638888889
5,142938205@N05,37345654146,D:\flickr_image\images\142938205@N05_37345654146.jpg,7,-73.7903361111111,40.6403083333333
1,142938205@N05,33443831285,D:\flickr_image\images\142938205@N05_33443831285.jpg,7,-73.78215,40.639
1,142938205@N05,33403480386,D:\flickr_image\images\142938205@N05_33403480386.jpg,3,-73.7822722222222,40.6421361111111
6,142958222@N04,29419073011,D:\flickr_image\images\142958222@N04_29419073011.jpg,2,-73.7916111111111,40.6506805555556
12,142958222@N04,29210055770,D:\flickr_image\images\142958222@N04_29210055770.jpg,0,-73.7902916666667,40.6508916666667
6,142958222@N04,29419076601,D:\flickr_image\images\142958222@N04_29419076601.jpg,0,-73.7921916666667,40.6500472222222
7,142958222@N04,29390728722,D:\flickr_image\images\142958222@N04_29390728722.jpg,1,-73.7902611111111,40.6470555555556
8,142958222@N04,29419093241,D:\flickr_image\images\142958222@N04_29419093241.jpg,12,-73.7913972222222,40.6485027777778
12,142958222@N04,29210056250,D:\flickr_image\images\142958222@N04_29210056250.jpg,0,-73.7903361111111,40.6509055555556
-1,142958222@N04,29464795796,D:\flickr_image\images\142958222@N04_29464795796.jpg,0,-73.7868055555556,40.6510083333333
6,142958222@N04,29419079421,D:\flickr_image\images\142958222@N04_29419079421.jpg,1,-73.7920222222222,40.6497722222222
12,142958222@N04,29210055000,D:\flickr_image\images\142958222@N04_29210055000.jpg,0,-73.7902916666667,40.6508916666667
6,142958222@N04,29499077015,D:\flickr_image\images\142958222@N04_29499077015.jpg,1,-73.7919777777778,40.6497472222222
6,142958222@N04,29499072915,D:\flickr_image\images\142958222@N04_29499072915.jpg,8,-73.7920694444444,40.6503722222222
6,142958222@N04,29499072465,D:\flickr_image\images\142958222@N04_29499072465.jpg,1,-73.7919222222222,40.6505583333333
-1,142958222@N04,29464802806,D:\flickr_image\images\142958222@N04_29464802806.jpg,1,-73.7870944444444,40.6499166666667
12,142958222@N04,29464801856,D:\flickr_image\images\142958222@N04_29464801856.jpg,0,-73.7903361111111,40.6509055555556
12,142958222@N04,29464798006,D:\flickr_image\images\142958222@N04_29464798006.jpg,0,-73.790025,40.6508916666667
8,142958222@N04,29419093801,D:\flickr_image\images\142958222@N04_29419093801.jpg,0,-73.7907416666667,40.6479694444444
9,142958222@N04,28876850673,D:\flickr_image\images\142958222@N04_28876850673.jpg,1,-73.7890777777778,40.6464694444444
6,142958222@N04,29390720342,D:\flickr_image\images\142958222@N04_29390720342.jpg,2,-73.7915805555556,40.6507083333333
8,142958222@N04,29210066860,D:\flickr_image\images\142958222@N04_29210066860.jpg,1,-73.7909861111111,40.6484555555556
1,144281284@N08,35685467883,D:\flickr_image\images\144281284@N08_35685467883.jpg,0,-73.7813333333333,40.6438305555556
-1,14637829@N04,41545829750,D:\flickr_image\images\14637829@N04_41545829750.jpg,4,-73.7802888888889,40.6412194444444
-1,14637829@N04,42673393965,D:\flickr_image\images\14637829@N04_42673393965.jpg,9,-73.7825166666667,40.648975
7,147758883@N08,34078445066,D:\flickr_image\images\147758883@N08_34078445066.jpg,13,-73.7902833333333,40.6470944444444
7,147758883@N08,32376410273,D:\flickr_image\images\147758883@N08_32376410273.jpg,13,-73.7902833333333,40.6470944444444
-1,148985176@N06,44301003071,D:\flickr_image\images\148985176@N06_44301003071.jpg,0,-73.7787166666667,40.6483944444444
5,149297029@N02,35493526906,D:\flickr_image\images\149297029@N02_35493526906.jpg,8,-73.7888333333333,40.6415
5,149297029@N02,35532685715,D:\flickr_image\images\149297029@N02_35532685715.jpg,5,-73.7885,40.6421666666667
5,15029120@N00,36218880313,D:\flickr_image\images\15029120@N00_36218880313.jpg,0,-73.7911833333333,40.6416194444444
-1,151926192@N06,44745096100,D:\flickr_image\images\151926192@N06_44745096100.jpg,1,-73.7936694444444,40.6497722222222
8,151926192@N06,39897114832,D:\flickr_image\images\151926192@N06_39897114832.jpg,3,-73.7911138888889,40.6487805555556
5,15546071@N04,34686776506,D:\flickr_image\images\15546071@N04_34686776506.jpg,2,-73.7910305555556,40.6435972222222
1,15802578@N00,37417313536,D:\flickr_image\images\15802578@N00_37417313536.jpg,4,-73.7820583333333,40.644455
2,15802578@N00,37035483705,D:\flickr_image\images\15802578@N00_37035483705.jpg,8,-73.7763133333333,40.6456533333333
1,15929533@N03,27825024267,D:\flickr_image\images\15929533@N03_27825024267.jpg,22,-73.7825805833333,40.6411572777778
1,15929533@N03,27825024817,D:\flickr_image\images\15929533@N03_27825024817.jpg,0,-73.7825345833333,40.6410347777778
1,15929533@N03,27825024367,D:\flickr_image\images\15929533@N03_27825024367.jpg,0,-73.7825805833333,40.6411572777778
1,15929533@N03,42694078161,D:\flickr_image\images\15929533@N03_42694078161.jpg,0,-73.7825805833333,40.6411572777778
1,15929533@N03,27825024737,D:\flickr_image\images\15929533@N03_27825024737.jpg,0,-73.7825805833333,40.6411572777778
6,16101634@N05,27149601167,D:\flickr_image\images\16101634@N05_27149601167.jpg,2,-73.7912833333333,40.6508361111111
-1,16101634@N05,42019626291,D:\flickr_image\images\16101634@N05_42019626291.jpg,0,-73.78025,40.649075
14,16939871@N00,32587582011,D:\flickr_image\images\16939871@N00_32587582011.jpg,0,-73.7869388888889,40.6419583333333
5,16989990@N03,29954913845,D:\flickr_image\images\16989990@N03_29954913845.jpg,6,-73.7900388888889,40.643325
5,17532975@N00,28442696016,D:\flickr_image\images\17532975@N00_28442696016.jpg,0,-73.7899388888889,40.6398888888889
5,19479358@N00,32951072265,D:\flickr_image\images\19479358@N00_32951072265.jpg,0,-73.7911388888889,40.6440166666667
5,21021798@N00,34553468296,D:\flickr_image\images\21021798@N00_34553468296.jpg,1,-73.7904805555555,40.6423194444444
5,21021798@N00,34553473176,D:\flickr_image\images\21021798@N00_34553473176.jpg,0,-73.7909861111111,40.6407611111111
10,21137312@N08,30511786117,D:\flickr_image\images\21137312@N08_30511786117.jpg,5,-73.780625,40.6361888888889
5,22058355@N06,37924997841,D:\flickr_image\images\22058355@N06_37924997841.jpg,0,-73.7916555555556,40.6419972222222
10,22058355@N06,45535194922,D:\flickr_image\images\22058355@N06_45535194922.jpg,0,-73.7812111111111,40.6385111111111
-1,22058355@N06,45592417141,D:\flickr_image\images\22058355@N06_45592417141.jpg,3,-73.7781055555556,40.6473972222222
-1,22058355@N06,46443444962,D:\flickr_image\images\22058355@N06_46443444962.jpg,0,-73.7871166666667,40.6386611111111
1,22058355@N06,40045338201,D:\flickr_image\images\22058355@N06_40045338201.jpg,0,-73.7813027777778,40.6391416666667
-1,22058355@N06,26180790048,D:\flickr_image\images\22058355@N06_26180790048.jpg,2,-73.7923805555556,40.6477138888889
-1,22058355@N06,44860818034,D:\flickr_image\images\22058355@N06_44860818034.jpg,1,-73.7856138888889,40.6416361111111
5,22074118@N00,32093338361,D:\flickr_image\images\22074118@N00_32093338361.jpg,15,-73.7896805555555,40.6431888888889
-1,22882695@N00,25359134929,D:\flickr_image\images\22882695@N00_25359134929.jpg,0,-73.7856694444444,40.63605
-1,22882695@N00,25359139149,D:\flickr_image\images\22882695@N00_25359139149.jpg,0,-73.7856694444444,40.63605
-1,23072087@N04,30358964455,D:\flickr_image\images\23072087@N04_30358964455.jpg,1,-73.7865611111111,40.6431694444444
4,23072087@N04,30272780171,D:\flickr_image\images\23072087@N04_30272780171.jpg,0,-73.7801277777778,40.6464694444444
2,23658102@N07,40554132985,D:\flickr_image\images\23658102@N07_40554132985.jpg,0,-73.775825,40.6464916666667
7,23658102@N07,27576467248,D:\flickr_image\images\23658102@N07_27576467248.jpg,1,-73.7907194444444,40.6470083333333
11,24585999@N03,28984983830,D:\flickr_image\images\24585999@N03_28984983830.jpg,3,-73.7759388888889,40.6370555555556
11,24585999@N03,29273530785,D:\flickr_image\images\24585999@N03_29273530785.jpg,7,-73.7759388888889,40.6370555555556
11,24585999@N03,29165107702,D:\flickr_image\images\24585999@N03_29165107702.jpg,20,-73.7759388888889,40.6370555555556
11,24585999@N03,29164889712,D:\flickr_image\images\24585999@N03_29164889712.jpg,4,-73.7759388888889,40.6370555555556
11,24585999@N03,29165337632,D:\flickr_image\images\24585999@N03_29165337632.jpg,1,-73.7759388888889,40.6370555555556
11,24585999@N03,29194850801,D:\flickr_image\images\24585999@N03_29194850801.jpg,2,-73.7759388888889,40.6370555555556
11,24585999@N03,29272998435,D:\flickr_image\images\24585999@N03_29272998435.jpg,5,-73.7759388888889,40.6370555555556
11,24585999@N03,29194811251,D:\flickr_image\images\24585999@N03_29194811251.jpg,1,-73.7759388888889,40.6370555555556
11,24585999@N03,29239338346,D:\flickr_image\images\24585999@N03_29239338346.jpg,6,-73.7759388888889,40.6370555555556
11,24585999@N03,29164930372,D:\flickr_image\images\24585999@N03_29164930372.jpg,3,-73.7759388888889,40.6370555555556
11,24585999@N03,29273251375,D:\flickr_image\images\24585999@N03_29273251375.jpg,5,-73.7759388888889,40.6370555555556
11,24585999@N03,29272982895,D:\flickr_image\images\24585999@N03_29272982895.jpg,0,-73.7759388888889,40.6370555555556
11,24585999@N03,29165466002,D:\flickr_image\images\24585999@N03_29165466002.jpg,4,-73.7759388888889,40.6370555555556
11,24585999@N03,28650207344,D:\flickr_image\images\24585999@N03_28650207344.jpg,3,-73.7759388888889,40.6370555555556
11,24585999@N03,28651826253,D:\flickr_image\images\24585999@N03_28651826253.jpg,2,-73.7759388888889,40.6370555555556
11,24585999@N03,28650556424,D:\flickr_image\images\24585999@N03_28650556424.jpg,7,-73.7759388888889,40.6370555555556
11,24585999@N03,29273163855,D:\flickr_image\images\24585999@N03_29273163855.jpg,7,-73.7759388888889,40.6370555555556
11,24585999@N03,28984507300,D:\flickr_image\images\24585999@N03_28984507300.jpg,17,-73.7759388888889,40.6370555555556
-1,24946139@N03,23627604848,D:\flickr_image\images\24946139@N03_23627604848.jpg,0,-73.7930444444444,40.6407
5,26395784@N00,32230775696,D:\flickr_image\images\26395784@N00_32230775696.jpg,3,-73.7897861111111,40.641175
5,26395784@N00,36915131725,D:\flickr_image\images\26395784@N00_36915131725.jpg,1,-73.7901833333333,40.6399722222222
1,26637609@N00,24127722657,D:\flickr_image\images\26637609@N00_24127722657.jpg,1,-73.7815638888889,40.6397527777778
10,26637609@N00,30476595052,D:\flickr_image\images\26637609@N00_30476595052.jpg,0,-73.7812277777778,40.6388166666667
0,26944586@N07,27724887183,D:\flickr_image\images\26944586@N07_27724887183.jpg,0,-73.7797166666667,40.6434216666667
2,27874898@N00,30264074343,D:\flickr_image\images\27874898@N00_30264074343.jpg,2,-73.7766555555555,40.6464694444444
2,27874898@N00,30264076443,D:\flickr_image\images\27874898@N00_30264076443.jpg,0,-73.7766555555555,40.6464694444444
2,27874898@N00,30264075683,D:\flickr_image\images\27874898@N00_30264075683.jpg,2,-73.7766555555555,40.6464694444444
2,27874898@N00,30264072283,D:\flickr_image\images\27874898@N00_30264072283.jpg,1,-73.7750777777778,40.6459888888889
2,27874898@N00,30264077053,D:\flickr_image\images\27874898@N00_30264077053.jpg,1,-73.7730777777778,40.6449861111111
2,27874898@N00,30264070743,D:\flickr_image\images\27874898@N00_30264070743.jpg,2,-73.7766555555555,40.6464694444444
2,27874898@N00,30264074893,D:\flickr_image\images\27874898@N00_30264074893.jpg,2,-73.7766555555555,40.6464694444444
2,27874898@N00,30264073973,D:\flickr_image\images\27874898@N00_30264073973.jpg,2,-73.7766555555555,40.6464694444444
2,27874898@N00,30264075253,D:\flickr_image\images\27874898@N00_30264075253.jpg,1,-73.7766555555555,40.6464694444444
5,28256666@N00,33343796254,D:\flickr_image\images\28256666@N00_33343796254.jpg,1,-73.7886888888889,40.6405444444444
7,28423283@N00,35965821916,D:\flickr_image\images\28423283@N00_35965821916.jpg,0,-73.7902,40.6468666666667
12,28552107@N03,36909505245,D:\flickr_image\images\28552107@N03_36909505245.jpg,2,-73.7903277777778,40.6511694444444
-1,28552107@N03,36101091923,D:\flickr_image\images\28552107@N03_36101091923.jpg,0,-73.7927555555556,40.6476527777778
-1,30299322@N08,27358444784,D:\flickr_image\images\30299322@N08_27358444784.jpg,2,-73.7824638888889,40.6501833333333
10,30517293@N03,31384654303,D:\flickr_image\images\30517293@N03_31384654303.jpg,2,-73.7801583333333,40.6388777777778
10,30964912@N00,28858259315,D:\flickr_image\images\30964912@N00_28858259315.jpg,4,-73.7797916666667,40.6386083333333
-1,31623674@N00,37661135505,D:\flickr_image\images\31623674@N00_37661135505.jpg,0,-73.7818083333333,40.6489861111111
16,32086350@N05,36795502603,D:\flickr_image\images\32086350@N05_36795502603.jpg,0,-73.7835694444444,40.6346472222222
5,32086350@N05,36755827984,D:\flickr_image\images\32086350@N05_36755827984.jpg,1,-73.7919305555556,40.6421055555556
16,32086350@N05,36795502433,D:\flickr_image\images\32086350@N05_36795502433.jpg,0,-73.7835694444444,40.6346472222222
16,32086350@N05,36795502843,D:\flickr_image\images\32086350@N05_36795502843.jpg,0,-73.7835694444444,40.6346472222222
-1,32086350@N05,36795503213,D:\flickr_image\images\32086350@N05_36795503213.jpg,0,-73.7938083333333,40.6408111111111
5,32086350@N05,36795503753,D:\flickr_image\images\32086350@N05_36795503753.jpg,0,-73.7921916666667,40.6419611111111
5,32086350@N05,36755826974,D:\flickr_image\images\32086350@N05_36755826974.jpg,0,-73.7921916666667,40.6419611111111
5,32086350@N05,36755827664,D:\flickr_image\images\32086350@N05_36755827664.jpg,2,-73.79245,40.641525
-1,32086350@N05,44367834995,D:\flickr_image\images\32086350@N05_44367834995.jpg,1,-73.783675,40.6498833333333
5,32121816@N00,29501434768,D:\flickr_image\images\32121816@N00_29501434768.jpg,1,-73.7909916666667,40.6425888888889
5,32121816@N00,42736414094,D:\flickr_image\images\32121816@N00_42736414094.jpg,0,-73.7909916666667,40.6425972222222
5,32121816@N00,42729179914,D:\flickr_image\images\32121816@N00_42729179914.jpg,0,-73.7912916666667,40.6439222222222
5,32121816@N00,42547947215,D:\flickr_image\images\32121816@N00_42547947215.jpg,0,-73.7912666666667,40.6439055555556
5,32121816@N00,41644596440,D:\flickr_image\images\32121816@N00_41644596440.jpg,0,-73.7912527777778,40.6439138888889
1,32121816@N00,38679219360,D:\flickr_image\images\32121816@N00_38679219360.jpg,0,-73.7813333333333,40.63915
0,32121816@N00,41062975255,D:\flickr_image\images\32121816@N00_41062975255.jpg,0,-73.7789694444444,40.6431972222222
1,32121816@N00,35602732156,D:\flickr_image\images\32121816@N00_35602732156.jpg,0,-73.7829888888889,40.6441638888889
5,32121816@N00,42547953225,D:\flickr_image\images\32121816@N00_42547953225.jpg,0,-73.7912666666667,40.6438916666667
2,32121816@N00,28586612858,D:\flickr_image\images\32121816@N00_28586612858.jpg,1,-73.7764361111111,40.6463583333333
1,32121816@N00,40489145131,D:\flickr_image\images\32121816@N00_40489145131.jpg,0,-73.7813333333333,40.6391444444444
5,32121816@N00,28565805837,D:\flickr_image\images\32121816@N00_28565805837.jpg,0,-73.7907027777778,40.6420694444444
5,32121816@N00,29581571798,D:\flickr_image\images\32121816@N00_29581571798.jpg,0,-73.791275,40.6438666666667
5,32121816@N00,29581577968,D:\flickr_image\images\32121816@N00_29581577968.jpg,0,-73.7911222222222,40.6437638888889
5,32121816@N00,33286891250,D:\flickr_image\images\32121816@N00_33286891250.jpg,0,-73.7896722222222,40.6406861111111
-1,32121816@N00,28502043187,D:\flickr_image\images\32121816@N00_28502043187.jpg,0,-73.7864833333333,40.6382666666667
1,32121816@N00,36690512311,D:\flickr_image\images\32121816@N00_36690512311.jpg,0,-73.78125,40.6390194444444
1,32121816@N00,36830501675,D:\flickr_image\images\32121816@N00_36830501675.jpg,1,-73.7826388888889,40.6440388888889
10,32121816@N00,38679095400,D:\flickr_image\images\32121816@N00_38679095400.jpg,1,-73.7807388888889,40.6353805555556
1,32121816@N00,27357609748,D:\flickr_image\images\32121816@N00_27357609748.jpg,0,-73.7809527777778,40.6447361111111
5,32121816@N00,28565792797,D:\flickr_image\images\32121816@N00_28565792797.jpg,0,-73.7911138888889,40.6436888888889
5,32121816@N00,29501253638,D:\flickr_image\images\32121816@N00_29501253638.jpg,0,-73.7913138888889,40.643925
5,32121816@N00,43452320441,D:\flickr_image\images\32121816@N00_43452320441.jpg,0,-73.7914416666667,40.6424527777778
0,32121816@N00,27093310947,D:\flickr_image\images\32121816@N00_27093310947.jpg,0,-73.7798083333333,40.6434138888889
13,32121816@N00,27357597808,D:\flickr_image\images\32121816@N00_27357597808.jpg,0,-73.7795555555556,40.6448777777778
5,32121816@N00,43371674941,D:\flickr_image\images\32121816@N00_43371674941.jpg,0,-73.7915277777778,40.6423805555556
5,32121816@N00,42547950735,D:\flickr_image\images\32121816@N00_42547950735.jpg,0,-73.7908083333333,40.6432277777778
5,32121816@N00,29501396968,D:\flickr_image\images\32121816@N00_29501396968.jpg,1,-73.7909916666667,40.6425861111111
-1,32121816@N00,34556373211,D:\flickr_image\images\32121816@N00_34556373211.jpg,0,-73.7841638888889,40.6457027777778
1,32121816@N00,31114335558,D:\flickr_image\images\32121816@N00_31114335558.jpg,0,-73.7812416666667,40.6394305555556
9,32121816@N00,29581578798,D:\flickr_image\images\32121816@N00_29581578798.jpg,1,-73.7892833333333,40.6453055555556
-1,32121816@N00,44928901682,D:\flickr_image\images\32121816@N00_44928901682.jpg,26,-73.7925638888889,40.6476527777778
5,32121816@N00,43445203701,D:\flickr_image\images\32121816@N00_43445203701.jpg,1,-73.7911083333333,40.6425388888889
5,32121816@N00,43445246651,D:\flickr_image\images\32121816@N00_43445246651.jpg,0,-73.7912666666667,40.6437944444444
0,33803954@N07,24570236757,D:\flickr_image\images\33803954@N07_24570236757.jpg,0,-73.7783972222222,40.6434138888889
0,33803954@N07,38728499684,D:\flickr_image\images\33803954@N07_38728499684.jpg,2,-73.7784194444444,40.6434527777778
-1,36005393@N00,31420560424,D:\flickr_image\images\36005393@N00_31420560424.jpg,3,-73.7949833333333,40.646125
5,36372149@N00,38240192464,D:\flickr_image\images\36372149@N00_38240192464.jpg,27,-73.7898944444444,40.6430777777778
5,36372149@N00,38070244005,D:\flickr_image\images\36372149@N00_38070244005.jpg,7,-73.7905055555556,40.6425388888889
0,36781159@N02,37601002716,D:\flickr_image\images\36781159@N02_37601002716.jpg,0,-73.7795777777778,40.6433611111111
-1,37328175@N08,28249167505,D:\flickr_image\images\37328175@N08_28249167505.jpg,0,-73.78695,40.6486694444444
-1,37328175@N08,28215144446,D:\flickr_image\images\37328175@N08_28215144446.jpg,0,-73.7863694444444,40.6451111111111
6,37729827@N05,37237330286,D:\flickr_image\images\37729827@N05_37237330286.jpg,31,-73.7918611111111,40.6506111111111
5,37996583933@N01,29323473134,D:\flickr_image\images\37996583933@N01_29323473134.jpg,1,-73.7902166666667,40.6404944444444
5,37996583933@N01,29324466323,D:\flickr_image\images\37996583933@N01_29324466323.jpg,0,-73.7895277777778,40.6430472222222
-1,38306945@N02,27912967362,D:\flickr_image\images\38306945@N02_27912967362.jpg,0,-73.7846527777778,40.6491888888889
1,39056106@N00,42144450340,D:\flickr_image\images\39056106@N00_42144450340.jpg,21,-73.7821666666667,40.6443666666667
2,39932781@N05,45371171262,D:\flickr_image\images\39932781@N05_45371171262.jpg,1,-73.7754833333333,40.6451944444444
4,39932781@N05,43673335670,D:\flickr_image\images\39932781@N05_43673335670.jpg,1,-73.7795944444444,40.6472194444444
2,40007219@N00,28057294754,D:\flickr_image\images\40007219@N00_28057294754.jpg,1,-73.7742472222222,40.6457361111111
6,40414327@N07,33331281305,D:\flickr_image\images\40414327@N07_33331281305.jpg,5,-73.7925638888889,40.6500944444444
2,40592344@N02,28187896992,D:\flickr_image\images\40592344@N02_28187896992.jpg,0,-73.7743388888889,40.6457444444444
1,41838385@N00,32577591576,D:\flickr_image\images\41838385@N00_32577591576.jpg,15,-73.7817833333333,40.6450222222222
1,41838385@N00,32495971501,D:\flickr_image\images\41838385@N00_32495971501.jpg,9,-73.7820444444444,40.6452
1,41838385@N00,32464724132,D:\flickr_image\images\41838385@N00_32464724132.jpg,7,-73.7818972222222,40.6451027777778
9,41838385@N00,30425122393,D:\flickr_image\images\41838385@N00_30425122393.jpg,0,-73.7881611111111,40.6454611111111
1,41838385@N00,32465336042,D:\flickr_image\images\41838385@N00_32465336042.jpg,0,-73.7819361111111,40.6452611111111
1,41838385@N00,32618576215,D:\flickr_image\images\41838385@N00_32618576215.jpg,14,-73.7819666666667,40.6452222222222
-1,41838385@N00,32618049735,D:\flickr_image\images\41838385@N00_32618049735.jpg,21,-73.78395,40.6460305555556
9,41838385@N00,31118415811,D:\flickr_image\images\41838385@N00_31118415811.jpg,0,-73.7881611111111,40.6454611111111
1,41838385@N00,32239483500,D:\flickr_image\images\41838385@N00_32239483500.jpg,11,-73.7819222222222,40.6452722222222
1,41838385@N00,32239473340,D:\flickr_image\images\41838385@N00_32239473340.jpg,7,-73.7832027777778,40.6448277777778
1,41838385@N00,31806385603,D:\flickr_image\images\41838385@N00_31806385603.jpg,15,-73.7810361111111,40.6454277777778
1,41838385@N00,31774712484,D:\flickr_image\images\41838385@N00_31774712484.jpg,12,-73.7821888888889,40.6446194444444
1,41838385@N00,32578143846,D:\flickr_image\images\41838385@N00_32578143846.jpg,5,-73.7826694444444,40.6447861111111
1,41838385@N00,31775284094,D:\flickr_image\images\41838385@N00_31775284094.jpg,13,-73.7825388888889,40.6448555555556
1,41838385@N00,31775284454,D:\flickr_image\images\41838385@N00_31775284454.jpg,10,-73.7817083333333,40.645275
1,42027916@N00,31027136043,D:\flickr_image\images\42027916@N00_31027136043.jpg,0,-73.781475,40.6437033333333
3,45508448@N05,5272352195,D:\flickr_image\images\45508448@N05_5272352195.jpg,0,-73.7854513888889,40.6426933333333
3,45508448@N05,5272959746,D:\flickr_image\images\45508448@N05_5272959746.jpg,0,-73.7854513888889,40.6426933333333
3,45508448@N05,5272341303,D:\flickr_image\images\45508448@N05_5272341303.jpg,0,-73.7854513888889,40.6426933333333
3,45508448@N05,5272948616,D:\flickr_image\images\45508448@N05_5272948616.jpg,0,-73.7854513888889,40.6426933333333
3,45508448@N05,5272340065,D:\flickr_image\images\45508448@N05_5272340065.jpg,0,-73.7854513888889,40.6426933333333
3,45508448@N05,5272947560,D:\flickr_image\images\45508448@N05_5272947560.jpg,0,-73.7854513888889,40.6426933333333
5,45779931@N00,28140439502,D:\flickr_image\images\45779931@N00_28140439502.jpg,1,-73.7896333333333,40.6413888888889
5,45779931@N00,27629125354,D:\flickr_image\images\45779931@N00_27629125354.jpg,17,-73.7920083333333,40.6419138888889
5,45779931@N00,28166652801,D:\flickr_image\images\45779931@N00_28166652801.jpg,4,-73.7896333333333,40.6414
5,45779931@N00,27629127214,D:\flickr_image\images\45779931@N00_27629127214.jpg,9,-73.7920694444444,40.6419527777778
5,45779931@N00,27628955513,D:\flickr_image\images\45779931@N00_27628955513.jpg,2,-73.7896333333333,40.6413888888889
5,45779931@N00,27629126134,D:\flickr_image\images\45779931@N00_27629126134.jpg,19,-73.7920083333333,40.6419138888889
5,45779931@N00,27963742480,D:\flickr_image\images\45779931@N00_27963742480.jpg,2,-73.7896333333333,40.6413888888889
5,45779931@N00,27967182490,D:\flickr_image\images\45779931@N00_27967182490.jpg,1,-73.7908027777778,40.6431916666667
5,45779931@N00,28140437802,D:\flickr_image\images\45779931@N00_28140437802.jpg,5,-73.7896277777778,40.6413416666667
1,48889052497@N01,33422956940,D:\flickr_image\images\48889052497@N01_33422956940.jpg,0,-73.7832555555556,40.6422472222222
-1,49503056657@N01,32657890195,D:\flickr_image\images\49503056657@N01_32657890195.jpg,0,-73.7940361111111,40.650075
-1,49503056657@N01,32504669152,D:\flickr_image\images\49503056657@N01_32504669152.jpg,0,-73.7940527777778,40.65005
2,49603119@N00,42055433990,D:\flickr_image\images\49603119@N00_42055433990.jpg,2,-73.775825,40.6459916666667
-1,49603119@N00,43863834241,D:\flickr_image\images\49603119@N00_43863834241.jpg,8,-73.7777861111111,40.6464694444444
2,49603119@N00,42959871715,D:\flickr_image\images\49603119@N00_42959871715.jpg,2,-73.7755666666667,40.6451305555556
5,49627806@N00,30681749122,D:\flickr_image\images\49627806@N00_30681749122.jpg,0,-73.7901083333333,40.643425
9,51035749109@N01,42268852774,D:\flickr_image\images\51035749109@N01_42268852774.jpg,0,-73.7886805555556,40.6469583333333
3,53401343@N00,36387878884,D:\flickr_image\images\53401343@N00_36387878884.jpg,0,-73.7847277777778,40.6420888888889
1,53401343@N00,37034818096,D:\flickr_image\images\53401343@N00_37034818096.jpg,7,-73.78225,40.6447444444444
3,53401343@N00,36387878394,D:\flickr_image\images\53401343@N00_36387878394.jpg,0,-73.7847277777778,40.6420888888889
-1,53405303@N00,38022019331,D:\flickr_image\images\53405303@N00_38022019331.jpg,0,-73.7765416666667,40.6444805555556
2,53405303@N00,37968391836,D:\flickr_image\images\53405303@N00_37968391836.jpg,8,-73.7758027777778,40.6451611111111
10,53846653@N03,42390302310,D:\flickr_image\images\53846653@N03_42390302310.jpg,10,-73.7804333333333,40.6387166666667
4,54833982@N07,31533704121,D:\flickr_image\images\54833982@N07_31533704121.jpg,0,-73.77955,40.6467888888889
-1,55199708@N00,33591233524,D:\flickr_image\images\55199708@N00_33591233524.jpg,0,-73.7804722222222,40.650825
-1,55199708@N00,33591231584,D:\flickr_image\images\55199708@N00_33591231584.jpg,0,-73.7800611111111,40.6511694444444
10,55764575@N00,35096664801,D:\flickr_image\images\55764575@N00_35096664801.jpg,6,-73.78095,40.6389166666667
1,56536211@N04,38549896711,D:\flickr_image\images\56536211@N04_38549896711.jpg,2,-73.7827742200328,40.6439577300208
1,56536211@N04,38549897081,D:\flickr_image\images\56536211@N04_38549897081.jpg,0,-73.7827742200328,40.6439577300208
-1,59075815@N00,41548163042,D:\flickr_image\images\59075815@N00_41548163042.jpg,0,-73.7864916666667,40.6471111111111
6,59075815@N00,40696478165,D:\flickr_image\images\59075815@N00_40696478165.jpg,1,-73.7916722222222,40.6502416666667
1,59643697@N00,43443971292,D:\flickr_image\images\59643697@N00_43443971292.jpg,0,-73.7833861111111,40.6425944444444
4,65057563@N00,28389385996,D:\flickr_image\images\65057563@N00_28389385996.jpg,0,-73.7794333333333,40.6465805555556
-1,65057563@N00,28317368752,D:\flickr_image\images\65057563@N00_28317368752.jpg,0,-73.7784722222222,40.6458166666667
13,65057563@N00,28389401156,D:\flickr_image\images\65057563@N00_28389401156.jpg,0,-73.7790972222222,40.6458194444444
-1,66669581@N00,27782458854,D:\flickr_image\images\66669581@N00_27782458854.jpg,0,-73.7838555555555,40.6489944444444
2,67093054@N00,46070768062,D:\flickr_image\images\67093054@N00_46070768062.jpg,1,-73.7734,40.6458138888889
2,67093054@N00,46070761892,D:\flickr_image\images\67093054@N00_46070761892.jpg,0,-73.7733777777778,40.6458333333333
5,72794895@N00,46584556972,D:\flickr_image\images\72794895@N00_46584556972.jpg,0,-73.7895138888889,40.64075
-1,73003941@N00,30128851367,D:\flickr_image\images\73003941@N00_30128851367.jpg,1,-73.7807305555556,40.6408805555556
1,73528658@N08,36820117405,D:\flickr_image\images\73528658@N08_36820117405.jpg,3,-73.7827527777778,40.6440305555556
10,73684142@N00,37399338704,D:\flickr_image\images\73684142@N00_37399338704.jpg,0,-73.7808388888889,40.6379777777778
10,73684142@N00,38076853732,D:\flickr_image\images\73684142@N00_38076853732.jpg,1,-73.7808388888889,40.6379777777778
10,74719369@N00,46019681474,D:\flickr_image\images\74719369@N00_46019681474.jpg,0,-73.780175,40.6367444444444
10,75664878@N00,46401564331,D:\flickr_image\images\75664878@N00_46401564331.jpg,0,-73.7809361111111,40.6374138888889
5,75698896@N00,37923716704,D:\flickr_image\images\75698896@N00_37923716704.jpg,7,-73.7919527777778,40.6420694444444
5,75698896@N00,38608865452,D:\flickr_image\images\75698896@N00_38608865452.jpg,3,-73.7916722222222,40.6419722222222
-1,76562640@N00,40418104705,D:\flickr_image\images\76562640@N00_40418104705.jpg,0,-73.7782972222222,40.6337055555556
0,76562640@N00,40418196955,D:\flickr_image\images\76562640@N00_40418196955.jpg,0,-73.7795416666667,40.6434333333333
0,76562640@N00,27441526648,D:\flickr_image\images\76562640@N00_27441526648.jpg,0,-73.7795861111111,40.6434583333333
-1,76562640@N00,39504352450,D:\flickr_image\images\76562640@N00_39504352450.jpg,0,-73.7786638888889,40.6335111111111
13,76562640@N00,39504291070,D:\flickr_image\images\76562640@N00_39504291070.jpg,1,-73.779,40.6450805555556
-1,77179348@N00,32155599171,D:\flickr_image\images\77179348@N00_32155599171.jpg,4,-73.7793888888889,40.6404805555556
1,77179348@N00,32155591131,D:\flickr_image\images\77179348@N00_32155591131.jpg,1,-73.7831805555556,40.6435916666667
14,77179348@N00,32155585931,D:\flickr_image\images\77179348@N00_32155585931.jpg,3,-73.7865916666667,40.6418944444444
1,77179348@N00,32236671976,D:\flickr_image\images\77179348@N00_32236671976.jpg,1,-73.7812361111111,40.6444555555556
1,77179348@N00,32236672366,D:\flickr_image\images\77179348@N00_32236672366.jpg,1,-73.7812361111111,40.6444555555556
15,77179348@N00,32155578681,D:\flickr_image\images\77179348@N00_32155578681.jpg,1,-73.7904277777778,40.6449388888889
-1,77179348@N00,34192333775,D:\flickr_image\images\77179348@N00_34192333775.jpg,0,-73.7874305555556,40.6473472222222
1,77179348@N00,33808169750,D:\flickr_image\images\77179348@N00_33808169750.jpg,13,-73.7826777777778,40.6442444444444
2,77179348@N00,33349901194,D:\flickr_image\images\77179348@N00_33349901194.jpg,3,-73.7773805555556,40.6456527777778
9,77179348@N00,33811250692,D:\flickr_image\images\77179348@N00_33811250692.jpg,10,-73.7886805555556,40.645925
5,77179348@N00,33583516650,D:\flickr_image\images\77179348@N00_33583516650.jpg,0,-73.7909555555556,40.6444333333333
15,77179348@N00,32155580421,D:\flickr_image\images\77179348@N00_32155580421.jpg,0,-73.7901694444444,40.6446833333333
5,77179348@N00,33584138240,D:\flickr_image\images\77179348@N00_33584138240.jpg,0,-73.7908333333333,40.6443833333333
5,77179348@N00,33125390004,D:\flickr_image\images\77179348@N00_33125390004.jpg,0,-73.7906805555556,40.6442722222222
3,77179348@N00,32155588491,D:\flickr_image\images\77179348@N00_32155588491.jpg,1,-73.7847277777778,40.6429166666667
14,77179348@N00,32155585031,D:\flickr_image\images\77179348@N00_32155585031.jpg,2,-73.7867194444444,40.6419222222222
2,77179348@N00,31898722970,D:\flickr_image\images\77179348@N00_31898722970.jpg,0,-73.7773666666667,40.6454166666667
9,77179348@N00,33155918703,D:\flickr_image\images\77179348@N00_33155918703.jpg,7,-73.7886805555556,40.645925
2,77179348@N00,33349898284,D:\flickr_image\images\77179348@N00_33349898284.jpg,1,-73.7770527777778,40.6454083333333
-1,77179348@N00,32155594561,D:\flickr_image\images\77179348@N00_32155594561.jpg,0,-73.7796944444444,40.6408
0,77179348@N00,32155603611,D:\flickr_image\images\77179348@N00_32155603611.jpg,0,-73.7782972222222,40.6434833333333
0,77179348@N00,32155603151,D:\flickr_image\images\77179348@N00_32155603151.jpg,0,-73.7782972222222,40.6434833333333
0,77179348@N00,31898728100,D:\flickr_image\images\77179348@N00_31898728100.jpg,0,-73.7782888888889,40.6434666666667
0,77179348@N00,31898727050,D:\flickr_image\images\77179348@N00_31898727050.jpg,0,-73.7782972222222,40.6434027777778
-1,77179348@N00,32155582381,D:\flickr_image\images\77179348@N00_32155582381.jpg,3,-73.7881777777778,40.6422583333333
1,77179348@N00,32155591921,D:\flickr_image\images\77179348@N00_32155591921.jpg,0,-73.7824333333333,40.6441638888889
3,77179348@N00,32155589291,D:\flickr_image\images\77179348@N00_32155589291.jpg,0,-73.7841722222222,40.6431694444444
1,77179348@N00,33808163460,D:\flickr_image\images\77179348@N00_33808163460.jpg,2,-73.7820194444444,40.6403388888889
14,77179348@N00,32155586901,D:\flickr_image\images\77179348@N00_32155586901.jpg,0,-73.7857805555555,40.6419361111111
0,77179348@N00,31898729100,D:\flickr_image\images\77179348@N00_31898729100.jpg,0,-73.7782972222222,40.6434833333333
-1,77179348@N00,32125972592,D:\flickr_image\images\77179348@N00_32125972592.jpg,0,-73.7793888888889,40.6404805555556
0,77179348@N00,32125975482,D:\flickr_image\images\77179348@N00_32125975482.jpg,1,-73.7781916666667,40.6435
0,77179348@N00,32125976322,D:\flickr_image\images\77179348@N00_32125976322.jpg,0,-73.7782055555556,40.6435166666667
14,77179348@N00,32155583261,D:\flickr_image\images\77179348@N00_32155583261.jpg,1,-73.7880027777778,40.6421972222222
9,77179348@N00,33927983026,D:\flickr_image\images\77179348@N00_33927983026.jpg,5,-73.7886805555556,40.645925
-1,77179348@N00,34151571236,D:\flickr_image\images\77179348@N00_34151571236.jpg,3,-73.7826083333333,40.6481333333333
1,77179348@N00,34151566896,D:\flickr_image\images\77179348@N00_34151566896.jpg,8,-73.7826611111111,40.6440805555556
-1,77179348@N00,33808183600,D:\flickr_image\images\77179348@N00_33808183600.jpg,0,-73.7861111111111,40.6480361111111
-1,77179348@N00,34192332475,D:\flickr_image\images\77179348@N00_34192332475.jpg,1,-73.7859416666667,40.6481472222222
9,77179348@N00,33927985016,D:\flickr_image\images\77179348@N00_33927985016.jpg,0,-73.7886805555556,40.645925
1,77179348@N00,34191780635,D:\flickr_image\images\77179348@N00_34191780635.jpg,0,-73.7819833333333,40.6420138888889
14,77179348@N00,32155584191,D:\flickr_image\images\77179348@N00_32155584191.jpg,1,-73.7872694444444,40.642025
1,77179348@N00,31433559314,D:\flickr_image\images\77179348@N00_31433559314.jpg,0,-73.7805472222222,40.6441277777778
1,77179348@N00,34151564886,D:\flickr_image\images\77179348@N00_34151564886.jpg,1,-73.7829805555556,40.6417305555556
3,77179348@N00,32155587701,D:\flickr_image\images\77179348@N00_32155587701.jpg,2,-73.7849111111111,40.6427888888889
8,77356834@N04,46276219252,D:\flickr_image\images\77356834@N04_46276219252.jpg,2,-73.7910527777778,40.6486805555556
10,77356834@N04,40710419560,D:\flickr_image\images\77356834@N04_40710419560.jpg,0,-73.7793722222222,40.6385944444444
2,77356834@N04,39342215942,D:\flickr_image\images\77356834@N04_39342215942.jpg,4,-73.7753444444444,40.6457416666667
-1,77356834@N04,38907910895,D:\flickr_image\images\77356834@N04_38907910895.jpg,0,-73.7774666666667,40.6474
8,77356834@N04,32454619128,D:\flickr_image\images\77356834@N04_32454619128.jpg,0,-73.7912,40.6488638888889
-1,79939076@N02,30460577920,D:\flickr_image\images\79939076@N02_30460577920.jpg,0,-73.7828,40.6488694444444
5,80775532@N06,36741886123,D:\flickr_image\images\80775532@N06_36741886123.jpg,12,-73.7919833333333,40.6419194444444
-1,80775532@N06,37364852806,D:\flickr_image\images\80775532@N06_37364852806.jpg,8,-73.787675,40.6464694444444
5,81711529@N08,37521753960,D:\flickr_image\images\81711529@N08_37521753960.jpg,0,-73.7886055555555,40.6400916666667
0,8377971@N08,24992173707,D:\flickr_image\images\8377971@N08_24992173707.jpg,3,-73.77922,40.64328
-1,84056180@N00,36778567412,D:\flickr_image\images\84056180@N00_36778567412.jpg,1,-73.7764361111111,40.64095
1,84056180@N00,36573853460,D:\flickr_image\images\84056180@N00_36573853460.jpg,4,-73.7828444444445,40.6436777777778
1,84056180@N00,36799217722,D:\flickr_image\images\84056180@N00_36799217722.jpg,0,-73.7831583333333,40.6426
1,84056180@N00,36573855430,D:\flickr_image\images\84056180@N00_36573855430.jpg,8,-73.7831027777778,40.6427777777778
1,84056180@N00,36799214112,D:\flickr_image\images\84056180@N00_36799214112.jpg,3,-73.7831722222222,40.6426583333333
1,84056180@N00,36799213612,D:\flickr_image\images\84056180@N00_36799213612.jpg,1,-73.7830805555556,40.6426361111111
1,84056180@N00,36799213352,D:\flickr_image\images\84056180@N00_36799213352.jpg,1,-73.7831888888889,40.6425972222222
1,84056180@N00,36799218802,D:\flickr_image\images\84056180@N00_36799218802.jpg,8,-73.7831027777778,40.6427777777778
1,84056180@N00,36573854470,D:\flickr_image\images\84056180@N00_36573854470.jpg,3,-73.7831638888889,40.6425944444444
10,84056180@N00,36780970556,D:\flickr_image\images\84056180@N00_36780970556.jpg,7,-73.7809,40.6369277777778
-1,84056180@N00,36553370330,D:\flickr_image\images\84056180@N00_36553370330.jpg,2,-73.77645,40.6409444444444
-1,84056180@N00,36553370670,D:\flickr_image\images\84056180@N00_36553370670.jpg,1,-73.7764138888889,40.6409194444444
13,84056180@N00,36799212662,D:\flickr_image\images\84056180@N00_36799212662.jpg,3,-73.7796388888889,40.6447666666667
1,84056180@N00,36799218192,D:\flickr_image\images\84056180@N00_36799218192.jpg,7,-73.7831027777778,40.6427777777778
13,84056180@N00,36970641545,D:\flickr_image\images\84056180@N00_36970641545.jpg,6,-73.779525,40.6444027777778
1,84056180@N00,36573851930,D:\flickr_image\images\84056180@N00_36573851930.jpg,4,-73.7828972222222,40.6428138888889
13,84056180@N00,36830535111,D:\flickr_image\images\84056180@N00_36830535111.jpg,5,-73.7789,40.6446083333333
1,84056180@N00,36970640465,D:\flickr_image\images\84056180@N00_36970640465.jpg,4,-73.7830055555555,40.6426611111111
13,84056180@N00,36799213142,D:\flickr_image\images\84056180@N00_36799213142.jpg,1,-73.7798527777778,40.6448166666667
1,84056180@N00,36799215402,D:\flickr_image\images\84056180@N00_36799215402.jpg,4,-73.7832861111111,40.6427694444444
1,84056180@N00,36799215302,D:\flickr_image\images\84056180@N00_36799215302.jpg,0,-73.782875,40.6436694444444
14,84424736@N00,30239729390,D:\flickr_image\images\84424736@N00_30239729390.jpg,4,-73.7870722222222,40.6411833333333
10,84987970@N00,37227958410,D:\flickr_image\images\84987970@N00_37227958410.jpg,1,-73.7811416666667,40.635975
1,84987970@N00,36841430242,D:\flickr_image\images\84987970@N00_36841430242.jpg,0,-73.7823138888889,40.6440055555556
10,84987970@N00,36776253654,D:\flickr_image\images\84987970@N00_36776253654.jpg,1,-73.7811416666667,40.635975
10,84987970@N00,36176856204,D:\flickr_image\images\84987970@N00_36176856204.jpg,0,-73.7811416666667,40.635975
1,84987970@N00,36176855844,D:\flickr_image\images\84987970@N00_36176855844.jpg,0,-73.78365,40.6406888888889
10,84987970@N00,36204274413,D:\flickr_image\images\84987970@N00_36204274413.jpg,1,-73.7816777777778,40.6353194444444
10,84987970@N00,36776250914,D:\flickr_image\images\84987970@N00_36776250914.jpg,0,-73.7811416666667,40.635975
10,84987970@N00,37485754421,D:\flickr_image\images\84987970@N00_37485754421.jpg,0,-73.7811416666667,40.635975
10,84987970@N00,36776252104,D:\flickr_image\images\84987970@N00_36776252104.jpg,2,-73.7811416666667,40.635975
10,84987970@N00,37485755191,D:\flickr_image\images\84987970@N00_37485755191.jpg,0,-73.7811416666667,40.635975
10,84987970@N00,37485757701,D:\flickr_image\images\84987970@N00_37485757701.jpg,0,-73.7811416666667,40.635975
10,84987970@N00,36776254844,D:\flickr_image\images\84987970@N00_36776254844.jpg,3,-73.7811416666667,40.635975
10,84987970@N00,36816459643,D:\flickr_image\images\84987970@N00_36816459643.jpg,0,-73.7811416666667,40.635975
1,84987970@N00,36824278776,D:\flickr_image\images\84987970@N00_36824278776.jpg,27,-73.7830277777778,40.6429305555556
10,84987970@N00,36816460523,D:\flickr_image\images\84987970@N00_36816460523.jpg,1,-73.7811416666667,40.635975
-1,8648614@N04,39285384982,D:\flickr_image\images\8648614@N04_39285384982.jpg,1,-73.7786027777778,40.6471277777778
-1,86657033@N04,32829318370,D:\flickr_image\images\86657033@N04_32829318370.jpg,3,-73.792975,40.6466555555556
-1,87480801@N07,33542337632,D:\flickr_image\images\87480801@N07_33542337632.jpg,0,-73.793195,40.6479
10,9036889@N06,29239902498,D:\flickr_image\images\9036889@N06_29239902498.jpg,2,-73.7809527777778,40.6374444444444
1,9036889@N06,28380574831,D:\flickr_image\images\9036889@N06_28380574831.jpg,1,-73.7821111111111,40.6402805555556
10,9036889@N06,32370666845,D:\flickr_image\images\9036889@N06_32370666845.jpg,1,-73.7805416666667,40.6390583333333
5,9036889@N06,33506277886,D:\flickr_image\images\9036889@N06_33506277886.jpg,0,-73.7908388888889,40.6435444444444
1,9036889@N06,34536658905,D:\flickr_image\images\9036889@N06_34536658905.jpg,3,-73.7830972222222,40.6419055555556
11,9036889@N06,28641335867,D:\flickr_image\images\9036889@N06_28641335867.jpg,0,-73.776825,40.6370194444444
10,9036889@N06,32369981385,D:\flickr_image\images\9036889@N06_32369981385.jpg,1,-73.7804805555556,40.6390083333333
10,9036889@N06,27855740279,D:\flickr_image\images\9036889@N06_27855740279.jpg,0,-73.7809666666667,40.6372194444444
1,9036889@N06,28437830336,D:\flickr_image\images\9036889@N06_28437830336.jpg,1,-73.7820444444444,40.6398
1,9036889@N06,30370855910,D:\flickr_image\images\9036889@N06_30370855910.jpg,1,-73.7833555555556,40.6407972222222
10,9036889@N06,29320201713,D:\flickr_image\images\9036889@N06_29320201713.jpg,0,-73.7809916666667,40.6377972222222
5,9036889@N06,33129339094,D:\flickr_image\images\9036889@N06_33129339094.jpg,0,-73.7912611111111,40.6438972222222
5,9036889@N06,32732696933,D:\flickr_image\images\9036889@N06_32732696933.jpg,0,-73.7926472222222,40.6421916666667
5,9036889@N06,33414107111,D:\flickr_image\images\9036889@N06_33414107111.jpg,0,-73.7926861111111,40.6421666666667
10,9036889@N06,43111875941,D:\flickr_image\images\9036889@N06_43111875941.jpg,0,-73.7801444444444,40.6379972222222
1,9036889@N06,34151317130,D:\flickr_image\images\9036889@N06_34151317130.jpg,1,-73.7831416666667,40.6414222222222
5,9036889@N06,33838363751,D:\flickr_image\images\9036889@N06_33838363751.jpg,6,-73.790025,40.6430888888889
1,90895678@N00,35536764334,D:\flickr_image\images\90895678@N00_35536764334.jpg,0,-73.7827138888889,40.643975
-1,90908304@N00,30876497461,D:\flickr_image\images\90908304@N00_30876497461.jpg,1,-73.7945166666667,40.6498116666667
-1,91197553@N06,25067290237,D:\flickr_image\images\91197553@N06_25067290237.jpg,1,-73.7948222222222,40.64655
6,91197553@N06,38721426304,D:\flickr_image\images\91197553@N06_38721426304.jpg,0,-73.7918861111111,40.6511277777778
-1,91197553@N06,27581355429,D:\flickr_image\images\91197553@N06_27581355429.jpg,0,-73.7915805555556,40.6517333333333
-1,91709304@N03,34970064186,D:\flickr_image\images\91709304@N03_34970064186.jpg,0,-73.79,40.6353638888889
5,9176929@N04,36974365504,D:\flickr_image\images\9176929@N04_36974365504.jpg,18,-73.7903527777778,40.6432722222222
5,9176929@N04,37684601571,D:\flickr_image\images\9176929@N04_37684601571.jpg,5,-73.7902361111111,40.6431833333333
5,9176929@N04,37426467000,D:\flickr_image\images\9176929@N04_37426467000.jpg,8,-73.7902361111111,40.6432138888889
8,94851897@N00,31902066772,D:\flickr_image\images\94851897@N00_31902066772.jpg,1,-73.7909,40.6486361111111
8,95377947@N03,32688386706,D:\flickr_image\images\95377947@N03_32688386706.jpg,3,-73.7910166666667,40.6484805555556
2,96278015@N06,27740884272,D:\flickr_image\images\96278015@N06_27740884272.jpg,0,-73.7734222222222,40.6457416666667
16,97019847@N00,32664834164,D:\flickr_image\images\97019847@N00_32664834164.jpg,1,-73.7831333333333,40.6345888888889
17,97019847@N00,33380364561,D:\flickr_image\images\97019847@N00_33380364561.jpg,0,-73.7730638888889,40.6338777777778
16,97019847@N00,32664835234,D:\flickr_image\images\97019847@N00_32664835234.jpg,2,-73.783775,40.6351555555556
17,97019847@N00,32694436883,D:\flickr_image\images\97019847@N00_32694436883.jpg,0,-73.7731166666667,40.6339
-1,97019847@N00,32694048323,D:\flickr_image\images\97019847@N00_32694048323.jpg,1,-73.7939833333333,40.6393361111111
16,97019847@N00,32664857274,D:\flickr_image\images\97019847@N00_32664857274.jpg,1,-73.7827444444444,40.6344833333333
17,97019847@N00,32664627124,D:\flickr_image\images\97019847@N00_32664627124.jpg,0,-73.7730638888889,40.6338527777778
16,97019847@N00,33351931672,D:\flickr_image\images\97019847@N00_33351931672.jpg,1,-73.7831333333333,40.6345888888889
17,97019847@N00,32665444194,D:\flickr_image\images\97019847@N00_32665444194.jpg,0,-73.7731166666667,40.6339
-1,97019847@N00,32664836724,D:\flickr_image\images\97019847@N00_32664836724.jpg,1,-73.7845472222222,40.6357333333333
17,97019847@N00,32665403444,D:\flickr_image\images\97019847@N00_32665403444.jpg,0,-73.7730638888889,40.6338777777778
17,97019847@N00,33352356772,D:\flickr_image\images\97019847@N00_33352356772.jpg,1,-73.7730861111111,40.6338972222222
-1,97019847@N00,33379918271,D:\flickr_image\images\97019847@N00_33379918271.jpg,1,-73.7845472222222,40.6357333333333
-1,97019847@N00,33508594455,D:\flickr_image\images\97019847@N00_33508594455.jpg,0,-73.7902138888889,40.6376083333333
16,97019847@N00,33508533845,D:\flickr_image\images\97019847@N00_33508533845.jpg,1,-73.782425,40.63435
17,97019847@N00,32664628444,D:\flickr_image\images\97019847@N00_32664628444.jpg,1,-73.7730861111111,40.6338972222222
16,97019847@N00,33351693792,D:\flickr_image\images\97019847@N00_33351693792.jpg,1,-73.7820666666667,40.6342722222222
-1,97019847@N00,32694048943,D:\flickr_image\images\97019847@N00_32694048943.jpg,0,-73.7863388888889,40.6358944444444
2,97692770@N07,32065477794,D:\flickr_image\images\97692770@N07_32065477794.jpg,0,-73.7752916666667,40.6456666666667
7,97692770@N07,29636459050,D:\flickr_image\images\97692770@N07_29636459050.jpg,1,-73.7902,40.6468416666667
2,97692770@N07,32288206654,D:\flickr_image\images\97692770@N07_32288206654.jpg,0,-73.7752916666667,40.6456666666667
7,97692770@N07,39513135555,D:\flickr_image\images\97692770@N07_39513135555.jpg,2,-73.7903833333333,40.6466916666667
7,97692770@N07,26538363018,D:\flickr_image\images\97692770@N07_26538363018.jpg,6,-73.790025,40.6467805555556
7,97692770@N07,29816190562,D:\flickr_image\images\97692770@N07_29816190562.jpg,2,-73.7903833333333,40.6466916666667
7,97692770@N07,29303814183,D:\flickr_image\images\97692770@N07_29303814183.jpg,6,-73.790025,40.6467805555556
7,97692770@N07,25537762137,D:\flickr_image\images\97692770@N07_25537762137.jpg,4,-73.7902,40.6468416666667
7,97692770@N07,29636458950,D:\flickr_image\images\97692770@N07_29636458950.jpg,1,-73.7902055555556,40.6468277777778
5,98079792@N06,29493161202,D:\flickr_image\images\98079792@N06_29493161202.jpg,0,-73.7903361111111,40.6437444444444
5,98079792@N06,29312759680,D:\flickr_image\images\98079792@N06_29312759680.jpg,7,-73.7903583333333,40.6437861111111
5,98079792@N06,29603113985,D:\flickr_image\images\98079792@N06_29603113985.jpg,0,-73.7903361111111,40.6437444444444
5,98079792@N06,28977672314,D:\flickr_image\images\98079792@N06_28977672314.jpg,1,-73.7917111111111,40.6421
5,98079792@N06,28977683444,D:\flickr_image\images\98079792@N06_28977683444.jpg,7,-73.7903222222222,40.6437555555556
5,98079792@N06,29603114195,D:\flickr_image\images\98079792@N06_29603114195.jpg,7,-73.7903222222222,40.6437555555556
5,98079792@N06,28977685254,D:\flickr_image\images\98079792@N06_28977685254.jpg,7,-73.7903583333333,40.6437861111111
5,98079792@N06,28977677044,D:\flickr_image\images\98079792@N06_28977677044.jpg,0,-73.7903361111111,40.6437444444444
1,98601848@N04,28212696475,D:\flickr_image\images\98601848@N04_28212696475.jpg,0,-73.7820666666667,40.6441083333333
1,98601848@N04,28212697445,D:\flickr_image\images\98601848@N04_28212697445.jpg,3,-73.7820666666667,40.6441083333333
1,98601848@N04,28135294811,D:\flickr_image\images\98601848@N04_28135294811.jpg,2,-73.7822333333333,40.6442222222222
-1,98601848@N04,27597246784,D:\flickr_image\images\98601848@N04_27597246784.jpg,0,-73.7797472222222,40.6339722222222
2,98601848@N04,27874222582,D:\flickr_image\images\98601848@N04_27874222582.jpg,0,-73.7780916666667,40.6456305555556
2,98601848@N04,27597698103,D:\flickr_image\images\98601848@N04_27597698103.jpg,0,-73.7775944444444,40.6449194444444
5,99385068@N00,32336736606,D:\flickr_image\images\99385068@N00_32336736606.jpg,1,-73.7921833333333,40.641875
5,99385068@N00,32336735336,D:\flickr_image\images\99385068@N00_32336735336.jpg,2,-73.792175,40.6418888888889
5,99385068@N00,32990645345,D:\flickr_image\images\99385068@N00_32990645345.jpg,2,-73.7899472222222,40.6417583333333
5,99385068@N00,32337052236,D:\flickr_image\images\99385068@N00_32337052236.jpg,1,-73.792175,40.6418888888889
5,99385068@N00,31533503914,D:\flickr_image\images\99385068@N00_31533503914.jpg,1,-73.7921916666667,40.6418694444444
5,99743766@N00,28768382320,D:\flickr_image\images\99743766@N00_28768382320.jpg,3,-73.7891083333333,40.6409444444444
-1,99743766@N00,28792837002,D:\flickr_image\images\99743766@N00_28792837002.jpg,0,-73.7788694444444,40.6373472222222
