-2,44066812@N08,42591707002,D:\flickr_image\no_exif\44066812@N08_42591707002.jpg,0,-73.88596,41.0713756944444
0,44066812@N08,42591726342,D:\flickr_image\no_exif\44066812@N08_42591726342.jpg,1,-73.8852579166667,41.0713274722222
0,100477722@N08,11968694054,D:\flickr_image\no_exif\100477722@N08_11968694054.jpg,8,-73.9206555555556,41.0935075
0,100477722@N08,11968687114,D:\flickr_image\no_exif\100477722@N08_11968687114.jpg,11,-73.9206555555556,41.0935075
0,100477722@N08,11969074246,D:\flickr_image\no_exif\100477722@N08_11969074246.jpg,11,-73.9206555555556,41.0935075
-1,98447327@N02,29117302445,D:\flickr_image\images\98447327@N02_29117302445.jpg,8,-73.9279944444445,41.134425
-2,96231939@N08,9011519414,D:\flickr_image\no_exif\96231939@N08_9011519414.jpg,0,-73.9130083333333,41.12275
-2,98047962@N05,14629891943,D:\flickr_image\images\98047962@N05_14629891943.jpg,0,-73.93055,41.0863222222222
0,68946684@N04,11613211203,D:\flickr_image\no_exif\68946684@N04_11613211203.jpg,4,-73.931175,41.1024083333333
-1,35572194@N03,14100826591,D:\flickr_image\images\35572194@N03_14100826591.jpg,1,-73.9088055555556,41.0700833333333
-2,37076810@N03,8835785868,D:\flickr_image\images\37076810@N03_8835785868.jpg,0,-73.9551666666667,41.0975
0,37076810@N03,8835220241,D:\flickr_image\images\37076810@N03_8835220241.jpg,9,-73.957,41.0968333333333
-1,42061903@N07,15175227716,D:\flickr_image\images\42061903@N07_15175227716.jpg,0,-73.8672416666667,41.0753638888889
-2,98047962@N05,14423470707,D:\flickr_image\images\98047962@N05_14423470707.jpg,0,-73.9307333333333,41.0862916666667
-1,36497840@N02,43387390612,D:\flickr_image\images\36497840@N02_43387390612.jpg,0,-73.8772888888889,41.0714638888889
-1,44124483010@N01,14309774989,D:\flickr_image\images\44124483010@N01_14309774989.jpg,0,-73.9155111111111,41.121425
0,44124483010@N01,14772937200,D:\flickr_image\images\44124483010@N01_14772937200.jpg,1,-73.9551611111111,41.0974416666667
-1,52292982@N00,14031426846,D:\flickr_image\images\52292982@N00_14031426846.jpg,0,-73.8691027777778,41.1131083333333
-1,44124483010@N01,14489405731,D:\flickr_image\images\44124483010@N01_14489405731.jpg,0,-73.9155111111111,41.1214027777778
-1,98047962@N05,14421832259,D:\flickr_image\images\98047962@N05_14421832259.jpg,1,-73.9278638888889,41.0825888888889
-1,67093054@N00,38887446285,D:\flickr_image\images\67093054@N00_38887446285.jpg,0,-73.8997333333333,41.0712472222222
-1,70839498@N04,21041085906,D:\flickr_image\images\70839498@N04_21041085906.jpg,0,-73.921425,41.1316766666667
-1,98447327@N02,29084442346,D:\flickr_image\images\98447327@N02_29084442346.jpg,14,-73.9279333333333,41.1343333333333
-1,94865203@N03,9367866545,D:\flickr_image\no_exif\94865203@N03_9367866545.jpg,5,-73.9666716666667,41.0933716666667
-1,94865203@N03,9367866639,D:\flickr_image\no_exif\94865203@N03_9367866639.jpg,5,-73.9666716666667,41.0933716666667
0,35475714@N00,24557260456,D:\flickr_image\no_exif\35475714@N00_24557260456.jpg,4,-73.9557266666667,41.1013483333333
-2,14637829@N04,17778382330,D:\flickr_image\images\14637829@N04_17778382330.jpg,0,-73.9164666666667,41.0906222222222
1,14637829@N04,17779753449,D:\flickr_image\images\14637829@N04_17779753449.jpg,1,-73.919075,41.0883916666667
1,14637829@N04,17778142048,D:\flickr_image\images\14637829@N04_17778142048.jpg,12,-73.9181833333333,41.0884944444444
-2,14637829@N04,36633651522,D:\flickr_image\images\14637829@N04_36633651522.jpg,0,-73.9183888888889,41.0906527777778
-2,14637829@N04,36664642481,D:\flickr_image\images\14637829@N04_36664642481.jpg,0,-73.9178555555556,41.0932722222222
1,14637829@N04,36664646361,D:\flickr_image\images\14637829@N04_36664646361.jpg,1,-73.9191138888889,41.091225
-2,14637829@N04,36633653372,D:\flickr_image\images\14637829@N04_36633653372.jpg,0,-73.9182888888889,41.09335
0,14630887@N03,8288049566,D:\flickr_image\images\14630887@N03_8288049566.jpg,4,-73.9546666666667,41.0968333333333
-2,14630887@N03,8288050486,D:\flickr_image\images\14630887@N03_8288050486.jpg,0,-73.9548333333333,41.0968333333333
1,14637829@N04,36407354890,D:\flickr_image\images\14637829@N04_36407354890.jpg,5,-73.9189138888889,41.0889138888889
1,14637829@N04,36407348070,D:\flickr_image\images\14637829@N04_36407348070.jpg,1,-73.9185861111111,41.0910833333333
-1,35572194@N03,14100985192,D:\flickr_image\no_exif\35572194@N03_14100985192.jpg,0,-73.8878694444444,41.0701222222222
-1,60377564@N08,29623140198,D:\flickr_image\no_exif\60377564@N08_29623140198.jpg,1,-73.8691076944444,41.0774137777778
0,94983382@N08,28930254477,D:\flickr_image\images\94983382@N08_28930254477.jpg,7,-73.9554583333333,41.0964472222222
2,98047962@N05,14423467847,D:\flickr_image\images\98047962@N05_14423467847.jpg,1,-73.9287722222222,41.0846777777778
-1,154645192@N02,36266492254,D:\flickr_image\no_exif\154645192@N02_36266492254.jpg,0,-73.9310760498047,41.1069450378418
0,72432016@N08,18112250875,D:\flickr_image\images\72432016@N08_18112250875.jpg,2,-73.9552472222222,41.0974277777778
-2,14630887@N03,8757572409,D:\flickr_image\no_exif\14630887@N03_8757572409.jpg,0,-73.9573361111111,41.0966666666667
-2,144594551@N04,36523029414,D:\flickr_image\no_exif\144594551@N04_36523029414.jpg,0,-73.91837,41.1209
-2,144594551@N04,29785248443,D:\flickr_image\no_exif\144594551@N04_29785248443.jpg,0,-73.9182516666667,41.1208833333333
-2,144594551@N04,37321418950,D:\flickr_image\no_exif\144594551@N04_37321418950.jpg,0,-73.9182666666667,41.1209316666667
-2,144594551@N04,37232888661,D:\flickr_image\no_exif\144594551@N04_37232888661.jpg,0,-73.91837,41.1209
-2,144594551@N04,36523028934,D:\flickr_image\no_exif\144594551@N04_36523028934.jpg,0,-73.91799,41.12091
-2,144594551@N04,29620611005,D:\flickr_image\no_exif\144594551@N04_29620611005.jpg,0,-73.9183033333333,41.1209316666667
-2,144594551@N04,29510105052,D:\flickr_image\no_exif\144594551@N04_29510105052.jpg,0,-73.918335,41.1210433333333
-2,144594551@N04,36523028624,D:\flickr_image\no_exif\144594551@N04_36523028624.jpg,0,-73.9182283333333,41.1208883333333
-2,144594551@N04,28994921694,D:\flickr_image\no_exif\144594551@N04_28994921694.jpg,0,-73.9182716666667,41.1209416666667
2,144594551@N04,36523028214,D:\flickr_image\no_exif\144594551@N04_36523028214.jpg,2,-73.91826,41.1208716666667
2,144594551@N04,37232888821,D:\flickr_image\no_exif\144594551@N04_37232888821.jpg,1,-73.9183,41.12088
-2,144594551@N04,37266371422,D:\flickr_image\no_exif\144594551@N04_37266371422.jpg,0,-73.918305,41.1209366666667
-2,128191152@N04,46027941081,D:\flickr_image\no_exif\128191152@N04_46027941081.jpg,0,-73.8618333333333,41.0909016666667
-1,128191152@N04,45978165262,D:\flickr_image\no_exif\128191152@N04_45978165262.jpg,0,-73.8739333333333,41.0838783333333
-1,128191152@N04,39360459804,D:\flickr_image\no_exif\128191152@N04_39360459804.jpg,0,-73.87425,41.084055
-1,48628499@N08,30339271757,D:\flickr_image\no_exif\48628499@N08_30339271757.jpg,0,-73.8692183333333,41.0764
-1,48628499@N08,30339273147,D:\flickr_image\no_exif\48628499@N08_30339273147.jpg,0,-73.8688666666667,41.080815
1,12249345@N00,16317917005,D:\flickr_image\images\12249345@N00_16317917005.jpg,6,-73.9158027777778,41.0895055555556
1,12249345@N00,16291975056,D:\flickr_image\images\12249345@N00_16291975056.jpg,7,-73.9158083333333,41.0895361111111
1,12249345@N00,16132062337,D:\flickr_image\images\12249345@N00_16132062337.jpg,6,-73.9159305555556,41.0896305555556
1,12249345@N00,15695495424,D:\flickr_image\images\12249345@N00_15695495424.jpg,3,-73.9159166666667,41.0897638888889
-1,136721709@N04,40861201181,D:\flickr_image\no_exif\136721709@N04_40861201181.jpg,0,-73.9349444444445,41.0725944444444
-2,96231939@N08,15949442645,D:\flickr_image\images\96231939@N08_15949442645.jpg,0,-73.9129472222222,41.1230361111111
2,98047962@N05,14423474057,D:\flickr_image\images\98047962@N05_14423474057.jpg,1,-73.9292666666667,41.0853833333333
2,98047962@N05,14423476197,D:\flickr_image\images\98047962@N05_14423476197.jpg,1,-73.9292444444444,41.0856972222222
-2,96231939@N08,40771670791,D:\flickr_image\images\96231939@N08_40771670791.jpg,0,-73.8614888888889,41.0908138888889
-1,136721709@N04,40820302532,D:\flickr_image\images\136721709@N04_40820302532.jpg,0,-73.9559333333333,41.0778722222222
-1,14637829@N04,35995036553,D:\flickr_image\images\14637829@N04_35995036553.jpg,0,-73.8761222222222,41.0702138888889
-1,136721709@N04,40820302092,D:\flickr_image\images\136721709@N04_40820302092.jpg,0,-73.9552083333333,41.0796972222222
-1,136721709@N04,35279036232,D:\flickr_image\images\136721709@N04_35279036232.jpg,0,-73.944725,41.0680833333333
2,96231939@N08,15762024238,D:\flickr_image\images\96231939@N08_15762024238.jpg,1,-73.9124222222222,41.1232527777778
1,99699280@N07,44841489082,D:\flickr_image\no_exif\99699280@N07_44841489082.jpg,2,-73.9179788888889,41.0920397777778
-1,11446716@N07,14579070454,D:\flickr_image\images\11446716@N07_14579070454.jpg,1,-73.9277725,41.1116294722222
-1,94368642@N00,15566729582,D:\flickr_image\images\94368642@N00_15566729582.jpg,1,-73.927475,41.1116055555556
0,89048490@N08,15435930544,D:\flickr_image\images\89048490@N08_15435930544.jpg,6,-73.9552472222222,41.0967222222222
0,89048490@N08,15438551963,D:\flickr_image\images\89048490@N08_15438551963.jpg,1,-73.9552916666667,41.0971222222222
0,89048490@N08,15435933294,D:\flickr_image\images\89048490@N08_15435933294.jpg,6,-73.9583277777778,41.0971444444444
0,89048490@N08,15438553783,D:\flickr_image\images\89048490@N08_15438553783.jpg,5,-73.9553444444444,41.09715
0,89048490@N08,15435928964,D:\flickr_image\images\89048490@N08_15435928964.jpg,3,-73.9551861111111,41.0970611111111
0,89048490@N08,15435922474,D:\flickr_image\images\89048490@N08_15435922474.jpg,1,-73.9553444444444,41.0970416666667
0,89048490@N08,15435925774,D:\flickr_image\images\89048490@N08_15435925774.jpg,1,-73.9552305555556,41.0970277777778
0,89048490@N08,15870941770,D:\flickr_image\images\89048490@N08_15870941770.jpg,2,-73.955475,41.0968888888889
0,89048490@N08,15435933994,D:\flickr_image\images\89048490@N08_15435933994.jpg,4,-73.9546805555556,41.0973694444444
0,89048490@N08,15438550503,D:\flickr_image\images\89048490@N08_15438550503.jpg,3,-73.9552694444445,41.097175
2,96231939@N08,30309977410,D:\flickr_image\images\96231939@N08_30309977410.jpg,1,-73.9183722222222,41.1208805555556
-1,51313085@N06,10904310456,D:\flickr_image\images\51313085@N06_10904310456.jpg,1,-73.9218138888889,41.0599361111111
0,53786894@N00,39677229854,D:\flickr_image\images\53786894@N00_39677229854.jpg,2,-73.9549638888889,41.0968805555556
-2,53125271@N04,15852083648,D:\flickr_image\images\53125271@N04_15852083648.jpg,0,-73.9225694444444,41.0917666666667
-1,96231939@N08,11181667694,D:\flickr_image\images\96231939@N08_11181667694.jpg,0,-73.9392,41.0620805555556
-1,96231939@N08,11181662464,D:\flickr_image\images\96231939@N08_11181662464.jpg,0,-73.9483944444444,41.0827305555556
-1,76848607@N08,15776886412,D:\flickr_image\images\76848607@N08_15776886412.jpg,0,-73.8927433333333,41.0657216666667
-2,59566448@N07,11388797753,D:\flickr_image\images\59566448@N07_11388797753.jpg,0,-73.9311361111111,41.1034694444444
-2,59566448@N07,10891941525,D:\flickr_image\images\59566448@N07_10891941525.jpg,0,-73.9308305555556,41.1028333333333
-1,96231939@N08,11181594905,D:\flickr_image\images\96231939@N08_11181594905.jpg,1,-73.9339138888889,41.0570444444444
-2,98047962@N05,14586856916,D:\flickr_image\images\98047962@N05_14586856916.jpg,0,-73.927825,41.0832055555556
-2,98047962@N05,14586859566,D:\flickr_image\images\98047962@N05_14586859566.jpg,0,-73.9292305555556,41.0856777777778
-1,98047962@N05,14606627161,D:\flickr_image\images\98047962@N05_14606627161.jpg,1,-73.9278638888889,41.0825888888889
-1,98047962@N05,14440734818,D:\flickr_image\images\98047962@N05_14440734818.jpg,1,-73.9278555555556,41.0818555555556
-1,98047962@N05,14431236589,D:\flickr_image\images\98047962@N05_14431236589.jpg,0,-73.9276055555556,41.0818888888889
-2,98047962@N05,14423470747,D:\flickr_image\images\98047962@N05_14423470747.jpg,0,-73.9294805555556,41.0855222222222
-1,98047962@N05,14468266380,D:\flickr_image\images\98047962@N05_14468266380.jpg,0,-73.9277722222222,41.0819694444444
-1,98047962@N05,14585398466,D:\flickr_image\images\98047962@N05_14585398466.jpg,0,-73.9364388888889,41.0939777777778
-2,98047962@N05,14586852536,D:\flickr_image\images\98047962@N05_14586852536.jpg,0,-73.9521638888889,41.0968361111111
-2,98047962@N05,14651696041,D:\flickr_image\images\98047962@N05_14651696041.jpg,0,-73.9314333333333,41.0859
-2,98047962@N05,15660811840,D:\flickr_image\images\98047962@N05_15660811840.jpg,0,-73.9303361111111,41.0865444444444
0,97955949@N05,29400105567,D:\flickr_image\no_exif\97955949@N05_29400105567.jpg,4,-73.955488,41.096972
-2,53125271@N04,10566036453,D:\flickr_image\no_exif\53125271@N04_10566036453.jpg,0,-73.9226,41.0917972222222
-2,53125271@N04,8167702809,D:\flickr_image\no_exif\53125271@N04_8167702809.jpg,0,-73.9233333333333,41.0916694444444
-2,53125271@N04,8167733788,D:\flickr_image\no_exif\53125271@N04_8167733788.jpg,0,-73.9233333333333,41.0916694444444
-2,53125271@N04,8167733136,D:\flickr_image\no_exif\53125271@N04_8167733136.jpg,0,-73.9233333333333,41.0916694444444
-1,136721709@N04,32131539205,D:\flickr_image\images\136721709@N04_32131539205.jpg,0,-73.9108722222222,41.1208277777778
1,14637829@N04,36633651962,D:\flickr_image\images\14637829@N04_36633651962.jpg,1,-73.91825,41.0914083333333
-2,14637829@N04,36633650802,D:\flickr_image\images\14637829@N04_36633650802.jpg,0,-73.9185416666667,41.0903555555556
0,97955949@N05,43430524245,D:\flickr_image\no_exif\97955949@N05_43430524245.jpg,5,-73.9552869722222,41.097337
0,97955949@N05,41282498361,D:\flickr_image\no_exif\97955949@N05_41282498361.jpg,1,-73.955,41.0972222222222
-2,99385068@N00,28267788852,D:\flickr_image\images\99385068@N00_28267788852.jpg,0,-73.8867416666667,41.0711777777778
0,97955949@N05,44335851291,D:\flickr_image\no_exif\97955949@N05_44335851291.jpg,3,-73.9546229722222,41.097383
-2,9189676@N06,43608708362,D:\flickr_image\no_exif\9189676@N06_43608708362.jpg,0,-73.8872283333333,41.0714183333333
-1,9189676@N06,43608713642,D:\flickr_image\no_exif\9189676@N06_43608713642.jpg,0,-73.88477,41.0715466666667
2,96231939@N08,9023123834,D:\flickr_image\no_exif\96231939@N08_9023123834.jpg,4,-73.9130083333333,41.12275
-2,96231939@N08,9039777052,D:\flickr_image\no_exif\96231939@N08_9039777052.jpg,0,-73.9130083333333,41.12275
-2,96231939@N08,9020889969,D:\flickr_image\no_exif\96231939@N08_9020889969.jpg,0,-73.9130083333333,41.12275
2,96231939@N08,9020891583,D:\flickr_image\no_exif\96231939@N08_9020891583.jpg,12,-73.9130083333333,41.12275
-2,96231939@N08,9020892181,D:\flickr_image\no_exif\96231939@N08_9020892181.jpg,0,-73.9130083333333,41.12275
-2,96231939@N08,9039776490,D:\flickr_image\no_exif\96231939@N08_9039776490.jpg,0,-73.9130083333333,41.12275
-2,96231939@N08,9039775944,D:\flickr_image\no_exif\96231939@N08_9039775944.jpg,0,-73.9130083333333,41.12275
-2,96231939@N08,9023117870,D:\flickr_image\no_exif\96231939@N08_9023117870.jpg,0,-73.9130083333333,41.12275
-2,96231939@N08,9039775342,D:\flickr_image\no_exif\96231939@N08_9039775342.jpg,0,-73.9130083333333,41.12275
-2,96231939@N08,9004187398,D:\flickr_image\no_exif\96231939@N08_9004187398.jpg,0,-73.9130083333333,41.12275
-2,96231939@N08,9039772830,D:\flickr_image\no_exif\96231939@N08_9039772830.jpg,0,-73.9130083333333,41.12275
-2,96231939@N08,9037554033,D:\flickr_image\no_exif\96231939@N08_9037554033.jpg,0,-73.9130083333333,41.12275
-2,96231939@N08,9004193212,D:\flickr_image\no_exif\96231939@N08_9004193212.jpg,0,-73.9130083333333,41.12275
-2,96231939@N08,9011517572,D:\flickr_image\no_exif\96231939@N08_9011517572.jpg,0,-73.9130083333333,41.12275
-2,96231939@N08,9023118408,D:\flickr_image\no_exif\96231939@N08_9023118408.jpg,0,-73.9130083333333,41.12275
2,96231939@N08,9037556225,D:\flickr_image\no_exif\96231939@N08_9037556225.jpg,1,-73.9130083333333,41.12275
-1,101994504@N05,25586681320,D:\flickr_image\images\101994504@N05_25586681320.jpg,3,-73.9476861111111,41.0956805555556
-1,67093054@N00,15984842771,D:\flickr_image\images\67093054@N00_15984842771.jpg,0,-73.8615277777778,41.0941166666667
-1,95164830@N05,14019004727,D:\flickr_image\images\95164830@N05_14019004727.jpg,0,-73.8968194444444,41.0793805555556
-2,7243324@N03,40905051280,D:\flickr_image\images\7243324@N03_40905051280.jpg,0,-73.9189527777778,41.0936777777778
2,68946684@N04,11613750586,D:\flickr_image\no_exif\68946684@N04_11613750586.jpg,4,-73.931175,41.1024083333333
-1,75128174@N04,36008338842,D:\flickr_image\no_exif\75128174@N04_36008338842.jpg,0,-73.942835029999,41.1203818899925
2,20263735@N07,14647116355,D:\flickr_image\no_exif\20263735@N07_14647116355.jpg,2,-73.9192,41.0488
-2,20263735@N07,14549678713,D:\flickr_image\no_exif\20263735@N07_14549678713.jpg,0,-73.9192,41.0488
2,20263735@N07,14550108773,D:\flickr_image\no_exif\20263735@N07_14550108773.jpg,3,-73.9192,41.0488
2,20263735@N07,14810684384,D:\flickr_image\no_exif\20263735@N07_14810684384.jpg,2,-73.9192,41.0488
2,20263735@N07,14646698622,D:\flickr_image\no_exif\20263735@N07_14646698622.jpg,1,-73.9192,41.0488
2,20263735@N07,14654458512,D:\flickr_image\no_exif\20263735@N07_14654458512.jpg,2,-73.9192,41.0488
2,20263735@N07,14637499495,D:\flickr_image\no_exif\20263735@N07_14637499495.jpg,3,-73.9192,41.0488
-2,20263735@N07,14600278503,D:\flickr_image\no_exif\20263735@N07_14600278503.jpg,0,-73.9192,41.0488
2,20263735@N07,14343574307,D:\flickr_image\no_exif\20263735@N07_14343574307.jpg,3,-73.9192,41.0488
2,20263735@N07,14450825350,D:\flickr_image\no_exif\20263735@N07_14450825350.jpg,2,-73.9192,41.0488
2,20263735@N07,14450847680,D:\flickr_image\no_exif\20263735@N07_14450847680.jpg,4,-73.9192,41.0488
2,20263735@N07,14450882029,D:\flickr_image\no_exif\20263735@N07_14450882029.jpg,3,-73.9192,41.0488
2,20263735@N07,14451071407,D:\flickr_image\no_exif\20263735@N07_14451071407.jpg,2,-73.9192,41.0488
-2,20263735@N07,14530105365,D:\flickr_image\no_exif\20263735@N07_14530105365.jpg,0,-73.9192,41.0488
-2,20263735@N07,14544621006,D:\flickr_image\no_exif\20263735@N07_14544621006.jpg,0,-73.9192,41.0488
1,14630887@N03,7508031990,D:\flickr_image\images\14630887@N03_7508031990.jpg,2,-73.9173333333333,41.088
-1,66062373@N02,16396408497,D:\flickr_image\no_exif\66062373@N02_16396408497.jpg,1,-73.8611666666667,41.093
-1,66062373@N02,16396407997,D:\flickr_image\no_exif\66062373@N02_16396407997.jpg,0,-73.8611666666667,41.093
1,12249345@N00,16317050522,D:\flickr_image\images\12249345@N00_16317050522.jpg,2,-73.9157777777778,41.0897666666667
3,66062373@N02,16396411897,D:\flickr_image\no_exif\66062373@N02_16396411897.jpg,2,-73.8616666666667,41.0901666666667
-1,7236858@N07,39568553901,D:\flickr_image\no_exif\7236858@N07_39568553901.jpg,0,-73.873795,41.0862416666667
1,78572304@N02,8114006344,D:\flickr_image\no_exif\78572304@N02_8114006344.jpg,1,-73.9196666666667,41.0868333333333
-2,78572304@N02,7227443590,D:\flickr_image\no_exif\78572304@N02_7227443590.jpg,0,-73.9198333333333,41.0868333333333
-2,78572304@N02,7227448332,D:\flickr_image\no_exif\78572304@N02_7227448332.jpg,0,-73.9196666666667,41.0868333333333
-1,91600469@N04,8365535523,D:\flickr_image\images\91600469@N04_8365535523.jpg,1,-73.9603333333333,41.0888333333333
-1,96884813@N03,10827757863,D:\flickr_image\images\96884813@N03_10827757863.jpg,0,-73.9518051111111,41.0794448611111
-1,98447327@N02,28830598530,D:\flickr_image\images\98447327@N02_28830598530.jpg,12,-73.9279416666667,41.1344194444444
0,29775332@N00,13367070694,D:\flickr_image\no_exif\29775332@N00_13367070694.jpg,2,-73.9547583333333,41.0967944444444
0,29775332@N00,14807397501,D:\flickr_image\images\29775332@N00_14807397501.jpg,1,-73.9552611111111,41.0971055555556
0,29775332@N00,14623972807,D:\flickr_image\images\29775332@N00_14623972807.jpg,2,-73.9553611111111,41.0970111111111
-2,96231939@N08,10546769426,D:\flickr_image\images\96231939@N08_10546769426.jpg,0,-73.9182666666667,41.1208805555556
-2,77179348@N00,30932698214,D:\flickr_image\images\77179348@N00_30932698214.jpg,0,-73.8628916666667,41.0879138888889
-1,29411978@N03,8286243155,D:\flickr_image\images\29411978@N03_8286243155.jpg,0,-73.9505,41.0935
-2,22329688@N03,15832072258,D:\flickr_image\images\22329688@N03_15832072258.jpg,0,-73.9187166666667,41.0886111111111
-2,22329688@N03,15000507266,D:\flickr_image\images\22329688@N03_15000507266.jpg,0,-73.916275,41.0875055555556
0,77179348@N00,33928509046,D:\flickr_image\images\77179348@N00_33928509046.jpg,2,-73.9594944444444,41.0984222222222
-2,96231939@N08,23258378245,D:\flickr_image\images\96231939@N08_23258378245.jpg,0,-73.9123222222222,41.1232527777778
-1,25625225@N08,36910675330,D:\flickr_image\images\25625225@N08_36910675330.jpg,0,-73.8874194444444,41.0700111111111
-1,154645192@N02,36930460902,D:\flickr_image\no_exif\154645192@N02_36930460902.jpg,0,-73.9512710571289,41.1024627685547
-2,14637829@N04,35995040503,D:\flickr_image\images\14637829@N04_35995040503.jpg,0,-73.9181583333333,41.0933583333333
-1,154645192@N02,36930456362,D:\flickr_image\no_exif\154645192@N02_36930456362.jpg,0,-73.9571533203125,41.0598030090332
-1,14630887@N03,8754434764,D:\flickr_image\images\14630887@N03_8754434764.jpg,1,-73.9466638888889,41.0533333333333
1,14637829@N04,35995045893,D:\flickr_image\images\14637829@N04_35995045893.jpg,1,-73.9187916666667,41.0893361111111
-2,14637829@N04,17345494503,D:\flickr_image\images\14637829@N04_17345494503.jpg,0,-73.9180361111111,41.0873
1,14637829@N04,35995048003,D:\flickr_image\images\14637829@N04_35995048003.jpg,4,-73.9189833333333,41.0875666666667
1,14637829@N04,35995050003,D:\flickr_image\images\14637829@N04_35995050003.jpg,5,-73.9192111111111,41.0871694444444
-2,14637829@N04,35995047683,D:\flickr_image\images\14637829@N04_35995047683.jpg,0,-73.9194416666667,41.0872305555556
1,14637829@N04,17778380330,D:\flickr_image\images\14637829@N04_17778380330.jpg,10,-73.9190305555556,41.0910555555556
-2,14637829@N04,36804401655,D:\flickr_image\images\14637829@N04_36804401655.jpg,0,-73.9200833333333,41.0912166666667
-1,154645192@N02,36930461802,D:\flickr_image\no_exif\154645192@N02_36930461802.jpg,0,-73.9513931274414,41.0628318786621
-1,65513949@N08,8670217230,D:\flickr_image\images\65513949@N08_8670217230.jpg,1,-73.9138333333333,41.1008333333333
3,72432016@N08,17178668213,D:\flickr_image\images\72432016@N08_17178668213.jpg,3,-73.8677833333333,41.0760694444444
-2,44066812@N08,28020038867,D:\flickr_image\no_exif\44066812@N08_28020038867.jpg,0,-73.88596,41.0713756944444
3,44066812@N08,28020038737,D:\flickr_image\no_exif\44066812@N08_28020038737.jpg,0,-73.8852579166667,41.0713274722222
-1,43782063@N07,7819582234,D:\flickr_image\no_exif\43782063@N07_7819582234.jpg,4,-73.8945,41.1336666666667
-1,43782063@N07,7819588096,D:\flickr_image\no_exif\43782063@N07_7819588096.jpg,0,-73.9033333333333,41.1263333333333
1,43782063@N07,7819036554,D:\flickr_image\no_exif\43782063@N07_7819036554.jpg,1,-73.9141666666667,41.0903333333333
-1,44066812@N08,40834451720,D:\flickr_image\no_exif\44066812@N08_40834451720.jpg,0,-73.897904,41.0712268333333
1,100477722@N08,11968249765,D:\flickr_image\no_exif\100477722@N08_11968249765.jpg,4,-73.9206555555556,41.0935075
-1,136721709@N04,35315910371,D:\flickr_image\images\136721709@N04_35315910371.jpg,0,-73.9288777777778,41.0553138888889
-1,27871880@N08,29199894906,D:\flickr_image\images\27871880@N08_29199894906.jpg,0,-73.9151222222222,41.0703777777778
-1,101994504@N05,25766467172,D:\flickr_image\images\101994504@N05_25766467172.jpg,8,-73.9476861111111,41.0956805555556
0,101994504@N05,25792322441,D:\flickr_image\images\101994504@N05_25792322441.jpg,5,-73.9551916666667,41.0963583333333
-1,101994504@N05,25861345006,D:\flickr_image\images\101994504@N05_25861345006.jpg,6,-73.9476861111111,41.0956805555556
-2,96231939@N08,9003014927,D:\flickr_image\no_exif\96231939@N08_9003014927.jpg,0,-73.9130083333333,41.12275
-1,38257636@N06,29476131367,D:\flickr_image\images\38257636@N06_29476131367.jpg,0,-73.8685611111111,41.0803611111111
-1,96231939@N08,36473409655,D:\flickr_image\images\96231939@N08_36473409655.jpg,4,-73.8703,41.0900388888889
-1,98047962@N05,14423271388,D:\flickr_image\images\98047962@N05_14423271388.jpg,1,-73.9277944444444,41.0819944444444
0,98047962@N05,14423461317,D:\flickr_image\images\98047962@N05_14423461317.jpg,5,-73.9532777777778,41.0967111111111
-2,98047962@N05,14608392435,D:\flickr_image\images\98047962@N05_14608392435.jpg,0,-73.9309472222222,41.0865833333333
-1,98047962@N05,14609312492,D:\flickr_image\images\98047962@N05_14609312492.jpg,1,-73.9364388888889,41.0939777777778
3,98047962@N05,14422011527,D:\flickr_image\images\98047962@N05_14422011527.jpg,10,-73.9303361111111,41.08645
-2,98047962@N05,14421820009,D:\flickr_image\images\98047962@N05_14421820009.jpg,0,-73.9309611111111,41.0865444444444
0,82180414@N05,8988750350,D:\flickr_image\images\82180414@N05_8988750350.jpg,3,-73.9565,41.0973333333333
0,82180414@N05,8988710228,D:\flickr_image\images\82180414@N05_8988710228.jpg,4,-73.9573333333333,41.0975
-2,82180414@N05,8988749082,D:\flickr_image\images\82180414@N05_8988749082.jpg,0,-73.9565,41.0973333333333
0,94983382@N08,29997123748,D:\flickr_image\images\94983382@N08_29997123748.jpg,7,-73.9554527777778,41.0964388888889
-2,14637829@N04,35995034693,D:\flickr_image\images\14637829@N04_35995034693.jpg,0,-73.9180916666667,41.0934361111111
-1,94865203@N03,9370649458,D:\flickr_image\no_exif\94865203@N03_9370649458.jpg,2,-73.9666716666667,41.0933716666667
-1,94865203@N03,9367867245,D:\flickr_image\no_exif\94865203@N03_9367867245.jpg,1,-73.9666716666667,41.0933716666667
1,14637829@N04,35995036093,D:\flickr_image\images\14637829@N04_35995036093.jpg,5,-73.9190833333333,41.0882305555556
-1,94865203@N03,9370646960,D:\flickr_image\no_exif\94865203@N03_9370646960.jpg,1,-73.9666716666667,41.0933716666667
-1,94865203@N03,9370647116,D:\flickr_image\no_exif\94865203@N03_9370647116.jpg,1,-73.9666716666667,41.0933716666667
-1,94865203@N03,9370648982,D:\flickr_image\no_exif\94865203@N03_9370648982.jpg,2,-73.9666716666667,41.0933716666667
1,14637829@N04,36407360910,D:\flickr_image\images\14637829@N04_36407360910.jpg,2,-73.9189916666667,41.0875555555556
-2,14637829@N04,36633651062,D:\flickr_image\images\14637829@N04_36633651062.jpg,0,-73.91845,41.0904277777778
-2,14637829@N04,36633643012,D:\flickr_image\images\14637829@N04_36633643012.jpg,0,-73.9187555555556,41.0894861111111
0,96711665@N02,9513103406,D:\flickr_image\images\96711665@N02_9513103406.jpg,4,-73.9573333333333,41.0981666666667
0,96711665@N02,9513088368,D:\flickr_image\images\96711665@N02_9513088368.jpg,6,-73.9576666666667,41.0985
-2,96711665@N02,9514230820,D:\flickr_image\images\96711665@N02_9514230820.jpg,0,-73.9553333333333,41.097
1,60377564@N08,28607505007,D:\flickr_image\no_exif\60377564@N08_28607505007.jpg,1,-73.9176030277778,41.08840725
-1,60377564@N08,29623137868,D:\flickr_image\no_exif\60377564@N08_29623137868.jpg,0,-73.8692048333333,41.077592
-1,60377564@N08,29623136838,D:\flickr_image\no_exif\60377564@N08_29623136838.jpg,0,-73.8693549444444,41.0775711944444
-1,98447327@N02,29117311985,D:\flickr_image\images\98447327@N02_29117311985.jpg,15,-73.9279555555556,41.1344111111111
1,53315989@N03,19928920270,D:\flickr_image\images\53315989@N03_19928920270.jpg,3,-73.9155416666667,41.0880444444444
-2,32121816@N00,44415773105,D:\flickr_image\images\32121816@N00_44415773105.jpg,0,-73.8619527777778,41.0886888888889
-2,136721709@N04,39038512980,D:\flickr_image\images\136721709@N04_39038512980.jpg,0,-73.9124055555556,41.1233722222222
-2,154645192@N02,36705536880,D:\flickr_image\no_exif\154645192@N02_36705536880.jpg,0,-73.9563217163086,41.0972328186035
1,14637829@N04,17965983565,D:\flickr_image\images\14637829@N04_17965983565.jpg,1,-73.9182805555556,41.0904361111111
-2,14637829@N04,17343401704,D:\flickr_image\images\14637829@N04_17343401704.jpg,0,-73.9189388888889,41.0888555555556
-2,14637829@N04,17343403124,D:\flickr_image\images\14637829@N04_17343403124.jpg,0,-73.9187166666667,41.0894694444444
-1,14637829@N04,36407366790,D:\flickr_image\images\14637829@N04_36407366790.jpg,1,-73.921775,41.083225
-2,14637829@N04,17965988035,D:\flickr_image\images\14637829@N04_17965988035.jpg,0,-73.9162916666667,41.0905916666667
1,14630887@N03,7508027466,D:\flickr_image\images\14630887@N03_7508027466.jpg,3,-73.9176666666667,41.0881666666667
-1,12955651@N07,38692266225,D:\flickr_image\no_exif\12955651@N07_38692266225.jpg,0,-73.8803277777778,41.0694638888889
1,114008519@N08,25612802223,D:\flickr_image\images\114008519@N08_25612802223.jpg,12,-73.9195111111111,41.091325
-1,35572194@N03,14100827241,D:\flickr_image\no_exif\35572194@N03_14100827241.jpg,0,-73.8878694444444,41.0701222222222
-1,48628499@N08,45228223782,D:\flickr_image\no_exif\48628499@N08_45228223782.jpg,1,-73.8692183333333,41.0764
1,12249345@N00,16316135181,D:\flickr_image\images\12249345@N00_16316135181.jpg,1,-73.9158555555556,41.0897111111111
-2,144594551@N04,37321419130,D:\flickr_image\no_exif\144594551@N04_37321419130.jpg,0,-73.9182666666667,41.1209316666667
-2,14630887@N03,8135459661,D:\flickr_image\no_exif\14630887@N03_8135459661.jpg,0,-73.9218361111111,41.0916666666667
-2,144594551@N04,30120042240,D:\flickr_image\no_exif\144594551@N04_30120042240.jpg,0,-73.9182783333333,41.1209383333333
-2,144594551@N04,37375246115,D:\flickr_image\no_exif\144594551@N04_37375246115.jpg,0,-73.9184883333333,41.120975
-2,144594551@N04,37438506061,D:\flickr_image\no_exif\144594551@N04_37438506061.jpg,0,-73.918255,41.1209016666667
-2,14630887@N03,7508034366,D:\flickr_image\no_exif\14630887@N03_7508034366.jpg,0,-73.9173333333333,41.0881666666667
-2,144594551@N04,30120042960,D:\flickr_image\no_exif\144594551@N04_30120042960.jpg,0,-73.9182283333333,41.1208533333333
0,14630887@N03,8758695850,D:\flickr_image\no_exif\14630887@N03_8758695850.jpg,3,-73.9583361111111,41.0971666666667
-2,144594551@N04,37438505991,D:\flickr_image\no_exif\144594551@N04_37438505991.jpg,0,-73.9181583333333,41.1211433333333
-1,40646519@N00,39878128883,D:\flickr_image\no_exif\40646519@N00_39878128883.jpg,1,-73.8724666666667,41.0709666666667
1,99699280@N07,43979322805,D:\flickr_image\no_exif\99699280@N07_43979322805.jpg,3,-73.9179788888889,41.0920397777778
-1,29775332@N00,20986472396,D:\flickr_image\images\29775332@N00_20986472396.jpg,0,-73.88855,41.0701666666667
1,12249345@N00,16131734209,D:\flickr_image\images\12249345@N00_16131734209.jpg,5,-73.9158388888889,41.0896805555556
-1,96231939@N08,29953158045,D:\flickr_image\images\96231939@N08_29953158045.jpg,0,-73.8702777777778,41.0900777777778
3,96231939@N08,40771674041,D:\flickr_image\images\96231939@N08_40771674041.jpg,1,-73.8617111111111,41.0908861111111
-1,96231939@N08,11181591765,D:\flickr_image\images\96231939@N08_11181591765.jpg,0,-73.9305027777778,41.0780222222222
-2,7243324@N03,40904974450,D:\flickr_image\images\7243324@N03_40904974450.jpg,0,-73.921425,41.0916138888889
1,78572304@N02,8113997067,D:\flickr_image\no_exif\78572304@N02_8113997067.jpg,1,-73.9196666666667,41.0868333333333
1,78572304@N02,7517687784,D:\flickr_image\no_exif\78572304@N02_7517687784.jpg,1,-73.9196666666667,41.087
-2,78572304@N02,7517687300,D:\flickr_image\no_exif\78572304@N02_7517687300.jpg,0,-73.9196666666667,41.087
-2,78572304@N02,8114003778,D:\flickr_image\no_exif\78572304@N02_8114003778.jpg,0,-73.9196666666667,41.0868333333333
-2,78572304@N02,8113997829,D:\flickr_image\no_exif\78572304@N02_8113997829.jpg,0,-73.9196666666667,41.0868333333333
-2,57998359@N05,6960581728,D:\flickr_image\no_exif\57998359@N05_6960581728.jpg,0,-73.9551666666667,41.0973333333333
-1,96231939@N08,15763411439,D:\flickr_image\images\96231939@N08_15763411439.jpg,0,-73.9109333333333,41.1208583333333
-2,96231939@N08,15329810113,D:\flickr_image\images\96231939@N08_15329810113.jpg,0,-73.9182583333333,41.1209444444444
-1,96231939@N08,29427963255,D:\flickr_image\images\96231939@N08_29427963255.jpg,0,-73.9070361111111,41.1289888888889
-2,89048490@N08,15870931870,D:\flickr_image\images\89048490@N08_15870931870.jpg,0,-73.9552305555556,41.0970027777778
0,89048490@N08,15435928134,D:\flickr_image\images\89048490@N08_15435928134.jpg,7,-73.9582666666667,41.0971555555556
0,89048490@N08,15872145799,D:\flickr_image\images\89048490@N08_15872145799.jpg,5,-73.9553444444444,41.09715
0,89048490@N08,15870755678,D:\flickr_image\images\89048490@N08_15870755678.jpg,6,-73.9554222222222,41.0969916666667
-2,96231939@N08,30309967580,D:\flickr_image\images\96231939@N08_30309967580.jpg,0,-73.9183666666667,41.1208694444444
0,89048490@N08,16057515182,D:\flickr_image\images\89048490@N08_16057515182.jpg,2,-73.9552472222222,41.0971361111111
-2,89048490@N08,15870932650,D:\flickr_image\images\89048490@N08_15870932650.jpg,0,-73.9554361111111,41.0970166666667
0,89048490@N08,15872456887,D:\flickr_image\images\89048490@N08_15872456887.jpg,3,-73.9554361111111,41.0969888888889
0,89048490@N08,15438554523,D:\flickr_image\images\89048490@N08_15438554523.jpg,6,-73.9554055555556,41.0970611111111
0,89048490@N08,16058216525,D:\flickr_image\images\89048490@N08_16058216525.jpg,4,-73.9549472222222,41.0972444444444
-2,89048490@N08,15870760638,D:\flickr_image\images\89048490@N08_15870760638.jpg,0,-73.9552305555556,41.0970027777778
0,89048490@N08,15872148619,D:\flickr_image\images\89048490@N08_15872148619.jpg,5,-73.9551694444445,41.09695
0,89048490@N08,15438555043,D:\flickr_image\images\89048490@N08_15438555043.jpg,3,-73.95555,41.0970916666667
0,89048490@N08,16057517572,D:\flickr_image\images\89048490@N08_16057517572.jpg,2,-73.9553444444444,41.0970277777778
0,89048490@N08,16056256681,D:\flickr_image\images\89048490@N08_16056256681.jpg,2,-73.9552083333333,41.0969472222222
0,89048490@N08,15438555833,D:\flickr_image\images\89048490@N08_15438555833.jpg,4,-73.9553222222222,41.09705
0,89048490@N08,15870927380,D:\flickr_image\images\89048490@N08_15870927380.jpg,1,-73.9551916666667,41.0973583333333
0,89048490@N08,16032440876,D:\flickr_image\images\89048490@N08_16032440876.jpg,5,-73.9583277777778,41.0971444444444
0,89048490@N08,15870754758,D:\flickr_image\images\89048490@N08_15870754758.jpg,6,-73.9553,41.0971527777778
0,89048490@N08,16058218795,D:\flickr_image\images\89048490@N08_16058218795.jpg,1,-73.9553666666667,41.0969472222222
0,89048490@N08,15870929610,D:\flickr_image\images\89048490@N08_15870929610.jpg,2,-73.9552472222222,41.0971722222222
0,89048490@N08,16056266861,D:\flickr_image\images\89048490@N08_16056266861.jpg,5,-73.9576194444444,41.0971111111111
0,89048490@N08,15872460967,D:\flickr_image\images\89048490@N08_15872460967.jpg,4,-73.9553305555556,41.0969
0,89048490@N08,15872457607,D:\flickr_image\images\89048490@N08_15872457607.jpg,2,-73.9554666666667,41.0965222222222
0,89048490@N08,15870934110,D:\flickr_image\images\89048490@N08_15870934110.jpg,7,-73.9548944444444,41.096925
0,89048490@N08,16056261421,D:\flickr_image\images\89048490@N08_16056261421.jpg,3,-73.9551694444445,41.09695
-2,96231939@N08,29427951565,D:\flickr_image\images\96231939@N08_29427951565.jpg,0,-73.9182583333333,41.1208527777778
-2,53786894@N00,25516161487,D:\flickr_image\images\53786894@N00_25516161487.jpg,0,-73.9560777777778,41.0971194444444
-1,56906238@N00,34530111271,D:\flickr_image\images\56906238@N00_34530111271.jpg,2,-73.8659433333333,41.0811383333333
-2,59566448@N07,11388670855,D:\flickr_image\images\59566448@N07_11388670855.jpg,0,-73.9310916666667,41.1034611111111
3,59566448@N07,11388793023,D:\flickr_image\images\59566448@N07_11388793023.jpg,1,-73.9310388888889,41.1034166666667
-2,59566448@N07,8625296887,D:\flickr_image\images\59566448@N07_8625296887.jpg,0,-73.9306666666667,41.1033333333333
-2,59566448@N07,11388669185,D:\flickr_image\images\59566448@N07_11388669185.jpg,0,-73.9310527777778,41.1034305555556
-1,59566448@N07,10892243143,D:\flickr_image\images\59566448@N07_10892243143.jpg,0,-73.9391638888889,41.0988333333333
-2,59566448@N07,10891942625,D:\flickr_image\images\59566448@N07_10891942625.jpg,0,-73.9315027777778,41.1026666666667
-1,59566448@N07,10892242493,D:\flickr_image\images\59566448@N07_10892242493.jpg,0,-73.9388361111111,41.0993333333333
-1,59566448@N07,10892241833,D:\flickr_image\images\59566448@N07_10892241833.jpg,0,-73.9388361111111,41.0993333333333
-2,59566448@N07,8626405214,D:\flickr_image\images\59566448@N07_8626405214.jpg,0,-73.9306666666667,41.1033333333333
-1,59566448@N07,10892241343,D:\flickr_image\images\59566448@N07_10892241343.jpg,0,-73.9386666666667,41.0995
-1,59566448@N07,10892240313,D:\flickr_image\images\59566448@N07_10892240313.jpg,0,-73.9380027777778,41.0996666666667
-2,59566448@N07,11388670926,D:\flickr_image\images\59566448@N07_11388670926.jpg,0,-73.9312833333333,41.1033388888889
-2,59566448@N07,10891980046,D:\flickr_image\images\59566448@N07_10891980046.jpg,0,-73.9308305555556,41.103
-1,59566448@N07,10892085954,D:\flickr_image\images\59566448@N07_10892085954.jpg,0,-73.9391638888889,41.0988333333333
-1,59566448@N07,10891937665,D:\flickr_image\images\59566448@N07_10891937665.jpg,0,-73.9386666666667,41.0995
-2,59566448@N07,11388669575,D:\flickr_image\images\59566448@N07_11388669575.jpg,0,-73.9310527777778,41.10345
-2,96231939@N08,10546768356,D:\flickr_image\images\96231939@N08_10546768356.jpg,0,-73.9183111111111,41.1209333333333
-2,96231939@N08,10546773816,D:\flickr_image\images\96231939@N08_10546773816.jpg,0,-73.9172444444444,41.1208444444444
-1,67093054@N00,38887446215,D:\flickr_image\images\67093054@N00_38887446215.jpg,0,-73.8844222222222,41.0713277777778
1,7243324@N03,42666146862,D:\flickr_image\images\7243324@N03_42666146862.jpg,1,-73.921425,41.0916138888889
3,59566448@N07,10891983296,D:\flickr_image\no_exif\59566448@N07_10891983296.jpg,1,-73.9328333333333,41.1018333333333
-2,50178625@N00,37095367345,D:\flickr_image\no_exif\50178625@N00_37095367345.jpg,0,-73.915366,41.087193
-2,96231939@N08,9003006539,D:\flickr_image\no_exif\96231939@N08_9003006539.jpg,0,-73.9130083333333,41.12275
-2,96231939@N08,9003007483,D:\flickr_image\no_exif\96231939@N08_9003007483.jpg,0,-73.9130083333333,41.12275
-1,98047962@N05,14629895573,D:\flickr_image\images\98047962@N05_14629895573.jpg,0,-73.9277888888889,41.0820166666667
3,98047962@N05,14607852112,D:\flickr_image\no_exif\98047962@N05_14607852112.jpg,12,-73.9303361111111,41.08645
-2,98047962@N05,14607830534,D:\flickr_image\no_exif\98047962@N05_14607830534.jpg,0,-73.9292444444444,41.0856972222222
0,97955949@N05,27409709848,D:\flickr_image\no_exif\97955949@N05_27409709848.jpg,1,-73.955,41.0972222222222
-1,98047962@N05,14604110726,D:\flickr_image\no_exif\98047962@N05_14604110726.jpg,1,-73.9278444444444,41.0818222222222
-1,98047962@N05,14623358284,D:\flickr_image\no_exif\98047962@N05_14623358284.jpg,2,-73.9278305555556,41.0818388888889
0,97955949@N05,44335848481,D:\flickr_image\no_exif\97955949@N05_44335848481.jpg,8,-73.95547,41.096991
3,68946684@N04,11613000085,D:\flickr_image\no_exif\68946684@N04_11613000085.jpg,1,-73.931175,41.1024083333333
-1,75128174@N04,36477077402,D:\flickr_image\no_exif\75128174@N04_36477077402.jpg,1,-73.942835029999,41.1203818899925
2,20263735@N07,14343390188,D:\flickr_image\no_exif\20263735@N07_14343390188.jpg,2,-73.9192,41.0488
2,20263735@N07,14468168350,D:\flickr_image\no_exif\20263735@N07_14468168350.jpg,2,-73.9192,41.0488
2,20263735@N07,14631883466,D:\flickr_image\no_exif\20263735@N07_14631883466.jpg,1,-73.9192,41.0488
2,20263735@N07,14624819468,D:\flickr_image\no_exif\20263735@N07_14624819468.jpg,4,-73.9192,41.0488
2,20263735@N07,14624793869,D:\flickr_image\no_exif\20263735@N07_14624793869.jpg,6,-73.9192,41.0488
2,20263735@N07,14614493506,D:\flickr_image\no_exif\20263735@N07_14614493506.jpg,6,-73.9192,41.0488
2,20263735@N07,14631900596,D:\flickr_image\no_exif\20263735@N07_14631900596.jpg,4,-73.9192,41.0488
-2,20263735@N07,14526560351,D:\flickr_image\no_exif\20263735@N07_14526560351.jpg,0,-73.9192,41.0488
2,20263735@N07,14506933576,D:\flickr_image\no_exif\20263735@N07_14506933576.jpg,2,-73.9192,41.0488
2,20263735@N07,14506913046,D:\flickr_image\no_exif\20263735@N07_14506913046.jpg,2,-73.9192,41.0488
2,20263735@N07,14506451906,D:\flickr_image\no_exif\20263735@N07_14506451906.jpg,1,-73.9192,41.0488
2,20263735@N07,14343311640,D:\flickr_image\no_exif\20263735@N07_14343311640.jpg,1,-73.9192,41.0488
2,20263735@N07,14343344570,D:\flickr_image\no_exif\20263735@N07_14343344570.jpg,6,-73.9192,41.0488
2,20263735@N07,14343384978,D:\flickr_image\no_exif\20263735@N07_14343384978.jpg,1,-73.9192,41.0488
1,12249345@N00,15698034473,D:\flickr_image\images\12249345@N00_15698034473.jpg,3,-73.9159388888889,41.0898222222222
1,12249345@N00,16317045952,D:\flickr_image\images\12249345@N00_16317045952.jpg,2,-73.9158861111111,41.0897611111111
-2,66062373@N02,16602532431,D:\flickr_image\no_exif\66062373@N02_16602532431.jpg,0,-73.8616666666667,41.0901666666667
-2,66062373@N02,16396412237,D:\flickr_image\no_exif\66062373@N02_16396412237.jpg,0,-73.8616666666667,41.0901666666667
-2,66062373@N02,15981534634,D:\flickr_image\no_exif\66062373@N02_15981534634.jpg,0,-73.8616666666667,41.0901666666667
3,66062373@N02,16416499238,D:\flickr_image\no_exif\66062373@N02_16416499238.jpg,2,-73.8618333333333,41.091
-2,66062373@N02,16416504158,D:\flickr_image\no_exif\66062373@N02_16416504158.jpg,0,-73.8616666666667,41.0901666666667
-2,66062373@N02,16416505048,D:\flickr_image\no_exif\66062373@N02_16416505048.jpg,0,-73.8616666666667,41.0901666666667
-1,66062373@N02,15983946233,D:\flickr_image\no_exif\66062373@N02_15983946233.jpg,0,-73.8613333333333,41.0971666666667
-2,66062373@N02,15981533444,D:\flickr_image\no_exif\66062373@N02_15981533444.jpg,0,-73.8616666666667,41.0901666666667
3,66062373@N02,16602532031,D:\flickr_image\no_exif\66062373@N02_16602532031.jpg,1,-73.8616666666667,41.0901666666667
-2,17884832@N00,8177455702,D:\flickr_image\no_exif\17884832@N00_8177455702.jpg,0,-73.9555,41.097
0,17884832@N00,8330922033,D:\flickr_image\no_exif\17884832@N00_8330922033.jpg,7,-73.9541666666667,41.0993333333333
-1,91600469@N04,8357756766,D:\flickr_image\images\91600469@N04_8357756766.jpg,1,-73.9605,41.0885
0,29775332@N00,13365210555,D:\flickr_image\images\29775332@N00_13365210555.jpg,2,-73.9546666666667,41.0967638888889
0,29775332@N00,13366832913,D:\flickr_image\images\29775332@N00_13366832913.jpg,2,-73.9546666666667,41.0967638888889
-1,32121816@N00,26084359680,D:\flickr_image\images\32121816@N00_26084359680.jpg,0,-73.8667055555556,41.0746833333333
-1,32121816@N00,26084335270,D:\flickr_image\images\32121816@N00_26084335270.jpg,1,-73.8666916666667,41.0746722222222
-1,31953721@N04,35003269013,D:\flickr_image\images\31953721@N04_35003269013.jpg,2,-73.9291833333333,41.0986277777778
-2,32121816@N00,35128325291,D:\flickr_image\images\32121816@N00_35128325291.jpg,0,-73.9576944444444,41.0983555555556
-2,32121816@N00,34414218634,D:\flickr_image\images\32121816@N00_34414218634.jpg,0,-73.9574444444444,41.0975305555556
1,16535890@N00,7977924550,D:\flickr_image\images\16535890@N00_7977924550.jpg,4,-73.918,41.092
0,77000990@N03,12005169633,D:\flickr_image\images\77000990@N03_12005169633.jpg,8,-73.9559388888889,41.09625
-1,151128833@N08,42382524020,D:\flickr_image\images\151128833@N08_42382524020.jpg,2,-73.9208611111111,41.0763638888889
-1,151128833@N08,42382522010,D:\flickr_image\images\151128833@N08_42382522010.jpg,0,-73.8829722222222,41.0700444444444
-1,72432016@N08,17612772159,D:\flickr_image\images\72432016@N08_17612772159.jpg,4,-73.8666,41.0763027777778
3,96231939@N08,44899322684,D:\flickr_image\images\96231939@N08_44899322684.jpg,1,-73.9201888888889,41.1202083333333
-1,151128833@N08,43284502615,D:\flickr_image\images\151128833@N08_43284502615.jpg,0,-73.8975916666667,41.0700388888889
-1,151182151@N04,43005560985,D:\flickr_image\images\151182151@N04_43005560985.jpg,0,-73.8810111111111,41.086925
-1,66485726@N00,33027630983,D:\flickr_image\images\66485726@N00_33027630983.jpg,2,-73.9486555555556,41.0632555555555
-1,9315121@N08,37951120932,D:\flickr_image\images\9315121@N08_37951120932.jpg,0,-73.8802111111111,41.0700416666667
-1,154645192@N02,36705540380,D:\flickr_image\no_exif\154645192@N02_36705540380.jpg,3,-73.9511489868164,41.0710372924805
0,91968478@N06,12481985255,D:\flickr_image\images\91968478@N06_12481985255.jpg,2,-73.9559777777778,41.0968361111111
-2,14637829@N04,36664645751,D:\flickr_image\images\14637829@N04_36664645751.jpg,0,-73.9193277777778,41.0912277777778
1,14637829@N04,36633660352,D:\flickr_image\images\14637829@N04_36633660352.jpg,2,-73.9226611111111,41.0916777777778
1,14637829@N04,36407363400,D:\flickr_image\images\14637829@N04_36407363400.jpg,3,-73.9190305555556,41.0875555555556
-2,14630887@N03,7508033290,D:\flickr_image\images\14630887@N03_7508033290.jpg,0,-73.9173333333333,41.088
-2,14637829@N04,17779759599,D:\flickr_image\images\14637829@N04_17779759599.jpg,0,-73.9179388888889,41.0931861111111
1,14637829@N04,17345496153,D:\flickr_image\images\14637829@N04_17345496153.jpg,9,-73.9189305555556,41.0874416666667
-2,14637829@N04,35995038943,D:\flickr_image\images\14637829@N04_35995038943.jpg,0,-73.918525,41.0903555555556
1,14637829@N04,17779763369,D:\flickr_image\images\14637829@N04_17779763369.jpg,1,-73.9180361111111,41.0871777777778
1,14637829@N04,36633644082,D:\flickr_image\images\14637829@N04_36633644082.jpg,2,-73.918975,41.0876166666667
1,14637829@N04,17343404564,D:\flickr_image\images\14637829@N04_17343404564.jpg,3,-73.9193333333333,41.0911638888889
-1,42061903@N07,15198261885,D:\flickr_image\no_exif\42061903@N07_15198261885.jpg,2,-73.8755366666667,41.085515
-2,45199237@N04,7681883592,D:\flickr_image\no_exif\45199237@N04_7681883592.jpg,0,-73.8868333333333,41.0701666666667
-1,9315121@N08,26205711489,D:\flickr_image\images\9315121@N08_26205711489.jpg,0,-73.8850555555556,41.0700416666667
1,101305639@N05,10987317126,D:\flickr_image\no_exif\101305639@N05_10987317126.jpg,4,-73.9179833333333,41.0921027777778
0,22602880@N00,24003615091,D:\flickr_image\no_exif\22602880@N00_24003615091.jpg,2,-73.9552783333333,41.0972216666667
0,22602880@N00,23457975344,D:\flickr_image\no_exif\22602880@N00_23457975344.jpg,5,-73.955555,41.0972216666667
0,22602880@N00,23457975544,D:\flickr_image\no_exif\22602880@N00_23457975544.jpg,2,-73.955555,41.0972216666667
-1,98047962@N05,14440500328,D:\flickr_image\images\98047962@N05_14440500328.jpg,1,-73.9278555555556,41.0819027777778
3,98047962@N05,14647031863,D:\flickr_image\images\98047962@N05_14647031863.jpg,2,-73.9310833333333,41.0864444444444
-1,43782063@N07,7819592102,D:\flickr_image\images\43782063@N07_7819592102.jpg,0,-73.9068333333333,41.1361666666667
-1,96231939@N08,40771671731,D:\flickr_image\images\96231939@N08_40771671731.jpg,0,-73.8616777777778,41.0937888888889
3,98047962@N05,14421799028,D:\flickr_image\images\98047962@N05_14421799028.jpg,12,-73.9303361111111,41.08645
0,98047962@N05,14423223710,D:\flickr_image\images\98047962@N05_14423223710.jpg,1,-73.9520638888889,41.0967944444444
3,98047962@N05,14423252028,D:\flickr_image\images\98047962@N05_14423252028.jpg,11,-73.9303361111111,41.08645
3,98047962@N05,14623879191,D:\flickr_image\images\98047962@N05_14623879191.jpg,3,-73.9311,41.0864916666667
-2,98047962@N05,14423286359,D:\flickr_image\images\98047962@N05_14423286359.jpg,0,-73.9521166666667,41.096825
-2,98047962@N05,14423298069,D:\flickr_image\images\98047962@N05_14423298069.jpg,0,-73.93055,41.0863222222222
-1,59566448@N07,10892083124,D:\flickr_image\images\59566448@N07_10892083124.jpg,0,-73.9376666666667,41.0998333333333
-2,59566448@N07,10892091694,D:\flickr_image\images\59566448@N07_10892091694.jpg,0,-73.9313333333333,41.1028333333333
3,59566448@N07,10892086844,D:\flickr_image\images\59566448@N07_10892086844.jpg,1,-73.9308305555556,41.1028333333333
-1,100822939@N03,26890319028,D:\flickr_image\images\100822939@N03_26890319028.jpg,2,-73.919,41.0784
-1,94851897@N00,36836149533,D:\flickr_image\images\94851897@N00_36836149533.jpg,0,-73.8738777777778,41.0713972222222
0,35475714@N00,24215684409,D:\flickr_image\no_exif\35475714@N00_24215684409.jpg,3,-73.9557266666667,41.1013483333333
-1,98447327@N02,29040093951,D:\flickr_image\images\98447327@N02_29040093951.jpg,17,-73.9279722222222,41.13445
-1,98447327@N02,29040216611,D:\flickr_image\images\98447327@N02_29040216611.jpg,7,-73.9279555555556,41.1344194444444
-1,94865203@N03,9370652978,D:\flickr_image\no_exif\94865203@N03_9370652978.jpg,1,-73.9666716666667,41.0933716666667
-2,53125271@N04,15646585075,D:\flickr_image\no_exif\53125271@N04_15646585075.jpg,0,-73.9189,41.0910972222222
1,53125271@N04,15460444978,D:\flickr_image\no_exif\53125271@N04_15460444978.jpg,2,-73.9190972222222,41.0910972222222
1,53125271@N04,15459937609,D:\flickr_image\no_exif\53125271@N04_15459937609.jpg,3,-73.9180305555556,41.0920194444444
-1,10059155@N05,13940312708,D:\flickr_image\no_exif\10059155@N05_13940312708.jpg,0,-73.899075,41.0700416666667
-1,10059155@N05,31040450345,D:\flickr_image\no_exif\10059155@N05_31040450345.jpg,0,-73.8735816666667,41.0852
1,53125271@N04,15460446168,D:\flickr_image\no_exif\53125271@N04_15460446168.jpg,1,-73.9190972222222,41.0910972222222
0,58829183@N00,8734014443,D:\flickr_image\no_exif\58829183@N00_8734014443.jpg,2,-73.9558333333333,41.0968333333333
-2,90173747@N02,33493278046,D:\flickr_image\no_exif\90173747@N02_33493278046.jpg,0,-73.9536850833333,41.0962074722222
-2,90173747@N02,32719796713,D:\flickr_image\no_exif\90173747@N02_32719796713.jpg,0,-73.9534785,41.0964656944444
-1,9021833@N06,27426481383,D:\flickr_image\no_exif\9021833@N06_27426481383.jpg,1,-73.8616836111111,41.0929733333333
1,14637829@N04,17939546896,D:\flickr_image\images\14637829@N04_17939546896.jpg,1,-73.919075,41.0883916666667
3,136721709@N04,39038512780,D:\flickr_image\images\136721709@N04_39038512780.jpg,1,-73.9124055555556,41.1232
-2,136721709@N04,39038512690,D:\flickr_image\images\136721709@N04_39038512690.jpg,0,-73.9124833333333,41.1231611111111
3,98047962@N05,14626635952,D:\flickr_image\images\98047962@N05_14626635952.jpg,3,-73.9311,41.0864833333333
1,50178625@N00,37095370825,D:\flickr_image\no_exif\50178625@N00_37095370825.jpg,1,-73.915375,41.087227
2,20263735@N07,14343535848,D:\flickr_image\no_exif\20263735@N07_14343535848.jpg,1,-73.9192,41.0488
2,20263735@N07,14832853233,D:\flickr_image\no_exif\20263735@N07_14832853233.jpg,9,-73.9192,41.0488
2,20263735@N07,14528596704,D:\flickr_image\no_exif\20263735@N07_14528596704.jpg,4,-73.9192,41.0488
2,20263735@N07,14343433909,D:\flickr_image\no_exif\20263735@N07_14343433909.jpg,3,-73.9192,41.0488
2,20263735@N07,14528092644,D:\flickr_image\no_exif\20263735@N07_14528092644.jpg,2,-73.9192,41.0488
2,20263735@N07,14343405639,D:\flickr_image\no_exif\20263735@N07_14343405639.jpg,4,-73.9192,41.0488
2,20263735@N07,14343414799,D:\flickr_image\no_exif\20263735@N07_14343414799.jpg,2,-73.9192,41.0488
2,20263735@N07,14343471648,D:\flickr_image\no_exif\20263735@N07_14343471648.jpg,4,-73.9192,41.0488
2,20263735@N07,14528564424,D:\flickr_image\no_exif\20263735@N07_14528564424.jpg,3,-73.9192,41.0488
2,20263735@N07,14526611391,D:\flickr_image\no_exif\20263735@N07_14526611391.jpg,2,-73.9192,41.0488
2,20263735@N07,14529056732,D:\flickr_image\no_exif\20263735@N07_14529056732.jpg,1,-73.9192,41.0488
-2,144594551@N04,37232887771,D:\flickr_image\no_exif\144594551@N04_37232887771.jpg,0,-73.9182683333333,41.1208483333333
-2,144594551@N04,37232888191,D:\flickr_image\no_exif\144594551@N04_37232888191.jpg,0,-73.9182166666667,41.1208866666667
-2,144594551@N04,23987064318,D:\flickr_image\no_exif\144594551@N04_23987064318.jpg,0,-73.918275,41.1208766666667
3,144594551@N04,31821480052,D:\flickr_image\no_exif\144594551@N04_31821480052.jpg,1,-73.918155,41.1209266666667
0,14630887@N03,8758693412,D:\flickr_image\no_exif\14630887@N03_8758693412.jpg,14,-73.957,41.0973333333333
-2,144594551@N04,37791191246,D:\flickr_image\no_exif\144594551@N04_37791191246.jpg,0,-73.91827,41.1209016666667
-2,144594551@N04,37791190766,D:\flickr_image\no_exif\144594551@N04_37791190766.jpg,0,-73.9182616666667,41.12084
-2,144594551@N04,37232888531,D:\flickr_image\no_exif\144594551@N04_37232888531.jpg,0,-73.9182933333333,41.1208833333333
-2,144594551@N04,37232887561,D:\flickr_image\no_exif\144594551@N04_37232887561.jpg,0,-73.9182283333333,41.1208883333333
-2,144594551@N04,37791192506,D:\flickr_image\no_exif\144594551@N04_37791192506.jpg,0,-73.918285,41.1209233333333
3,144594551@N04,23987063938,D:\flickr_image\no_exif\144594551@N04_23987063938.jpg,1,-73.918275,41.1208766666667
-2,14630887@N03,8758697024,D:\flickr_image\no_exif\14630887@N03_8758697024.jpg,0,-73.9581666666667,41.0971666666667
-2,96231939@N08,17139294561,D:\flickr_image\images\96231939@N08_17139294561.jpg,0,-73.9128638888889,41.1230138888889
-1,39908901@N06,13963607164,D:\flickr_image\no_exif\39908901@N06_13963607164.jpg,0,-73.9143083333333,41.0749266666667
-2,96231939@N08,16953750229,D:\flickr_image\images\96231939@N08_16953750229.jpg,0,-73.9183361111111,41.1210555555556
-1,40646519@N00,39878130263,D:\flickr_image\no_exif\40646519@N00_39878130263.jpg,0,-73.8769444444444,41.0713583333333
3,125879493@N07,22451462035,D:\flickr_image\images\125879493@N07_22451462035.jpg,3,-73.8621138888889,41.0884638888889
1,14637829@N04,36633666662,D:\flickr_image\images\14637829@N04_36633666662.jpg,4,-73.9184944444444,41.0905944444444
-2,14637829@N04,17778131138,D:\flickr_image\images\14637829@N04_17778131138.jpg,0,-73.9191972222222,41.0881083333333
1,14637829@N04,36633665032,D:\flickr_image\images\14637829@N04_36633665032.jpg,3,-73.9182972222222,41.0906138888889
-1,32121816@N00,26084358850,D:\flickr_image\images\32121816@N00_26084358850.jpg,0,-73.8667222222222,41.0746277777778
-1,151128833@N08,29253589027,D:\flickr_image\images\151128833@N08_29253589027.jpg,0,-73.8999638888889,41.0700222222222
-1,136721709@N04,34635959543,D:\flickr_image\images\136721709@N04_34635959543.jpg,0,-73.9420916666667,41.0662166666667
-2,61532510@N00,28387355125,D:\flickr_image\images\61532510@N00_28387355125.jpg,0,-73.8625111111111,41.08785
-2,61532510@N00,28387347755,D:\flickr_image\images\61532510@N00_28387347755.jpg,0,-73.8624638888889,41.08785
-1,143802280@N07,36028389060,D:\flickr_image\images\143802280@N07_36028389060.jpg,0,-73.8804555555555,41.0707583333333
-2,14637829@N04,36664639661,D:\flickr_image\images\14637829@N04_36664639661.jpg,0,-73.9180611111111,41.0931777777778
-2,14637829@N04,17965983195,D:\flickr_image\images\14637829@N04_17965983195.jpg,0,-73.9185194444445,41.0904916666667
-1,14637829@N04,28545208317,D:\flickr_image\images\14637829@N04_28545208317.jpg,0,-73.8728861111111,41.0710972222222
-2,14637829@N04,17965991665,D:\flickr_image\images\14637829@N04_17965991665.jpg,0,-73.9183583333333,41.0884361111111
1,14637829@N04,36407352760,D:\flickr_image\images\14637829@N04_36407352760.jpg,7,-73.9185194444445,41.089925
0,14630887@N03,8286985345,D:\flickr_image\images\14630887@N03_8286985345.jpg,10,-73.9574972222222,41.0976666666667
-1,14630887@N03,7508006898,D:\flickr_image\images\14630887@N03_7508006898.jpg,0,-73.9443333333333,41.064
-2,14637829@N04,17345493243,D:\flickr_image\images\14637829@N04_17345493243.jpg,0,-73.9154888888889,41.0903055555556
-2,14637829@N04,17345492733,D:\flickr_image\images\14637829@N04_17345492733.jpg,0,-73.915375,41.0903472222222
-2,14637829@N04,35969501244,D:\flickr_image\images\14637829@N04_35969501244.jpg,0,-73.9179222222222,41.0930888888889
-1,96231939@N08,35995268812,D:\flickr_image\images\96231939@N08_35995268812.jpg,0,-73.8702166666667,41.09005
0,72432016@N08,17924289748,D:\flickr_image\images\72432016@N08_17924289748.jpg,3,-73.9557027777778,41.0968972222222
0,72432016@N08,17491660463,D:\flickr_image\images\72432016@N08_17491660463.jpg,7,-73.9551694444445,41.0974
0,72432016@N08,17924511450,D:\flickr_image\images\72432016@N08_17924511450.jpg,3,-73.9557583333333,41.0969083333333
-2,72432016@N08,17924539390,D:\flickr_image\images\72432016@N08_17924539390.jpg,0,-73.9552777777778,41.0974416666667
-2,78572304@N02,8518753945,D:\flickr_image\images\78572304@N02_8518753945.jpg,0,-73.9196666666667,41.0868333333333
1,78572304@N02,8518754057,D:\flickr_image\images\78572304@N02_8518754057.jpg,2,-73.9196666666667,41.0868333333333
0,89048490@N08,15435932214,D:\flickr_image\images\89048490@N08_15435932214.jpg,8,-73.9551388888889,41.0968972222222
-1,42061903@N07,15197880642,D:\flickr_image\images\42061903@N07_15197880642.jpg,3,-73.8748166666667,41.0757666666667
-2,98047962@N05,14674862683,D:\flickr_image\images\98047962@N05_14674862683.jpg,0,-73.9314333333333,41.0859
3,98047962@N05,14652724474,D:\flickr_image\images\98047962@N05_14652724474.jpg,2,-73.9314194444444,41.0859111111111
0,97955949@N05,26410497237,D:\flickr_image\no_exif\97955949@N05_26410497237.jpg,2,-73.955,41.0975
0,97955949@N05,30469276278,D:\flickr_image\no_exif\97955949@N05_30469276278.jpg,10,-73.95534,41.097078
0,97955949@N05,26410497477,D:\flickr_image\no_exif\97955949@N05_26410497477.jpg,1,-73.955,41.0975
-1,96122122@N05,10933917375,D:\flickr_image\images\96122122@N05_10933917375.jpg,12,-73.9093333333333,41.0621666666667
-1,94851897@N00,36795149464,D:\flickr_image\images\94851897@N00_36795149464.jpg,0,-73.8736333333333,41.0713583333333
-1,9189676@N06,43608721882,D:\flickr_image\no_exif\9189676@N06_43608721882.jpg,0,-73.88477,41.0715466666667
-2,96231939@N08,9004180994,D:\flickr_image\no_exif\96231939@N08_9004180994.jpg,0,-73.9130083333333,41.12275
3,96231939@N08,9004179592,D:\flickr_image\no_exif\96231939@N08_9004179592.jpg,2,-73.9130083333333,41.12275
-2,96231939@N08,9004180340,D:\flickr_image\no_exif\96231939@N08_9004180340.jpg,0,-73.9130083333333,41.12275
3,96231939@N08,9011522688,D:\flickr_image\no_exif\96231939@N08_9011522688.jpg,5,-73.9130083333333,41.12275
-2,96231939@N08,9011520302,D:\flickr_image\no_exif\96231939@N08_9011520302.jpg,0,-73.9130083333333,41.12275
-2,96231939@N08,9039778814,D:\flickr_image\no_exif\96231939@N08_9039778814.jpg,0,-73.9130083333333,41.12275
-1,99385068@N00,15941149722,D:\flickr_image\no_exif\99385068@N00_15941149722.jpg,1,-73.8685222222222,41.0809166666667
-2,96231939@N08,10546994543,D:\flickr_image\images\96231939@N08_10546994543.jpg,0,-73.9182805555556,41.1208444444444
-2,96231939@N08,10547002393,D:\flickr_image\images\96231939@N08_10547002393.jpg,0,-73.9127361111111,41.1227805555556
-2,98047962@N05,14629894693,D:\flickr_image\images\98047962@N05_14629894693.jpg,0,-73.9290777777778,41.0851527777778
-2,98047962@N05,14607834154,D:\flickr_image\images\98047962@N05_14607834154.jpg,0,-73.928475,41.0842166666667
3,77179348@N00,30932700274,D:\flickr_image\images\77179348@N00_30932700274.jpg,1,-73.8625416666667,41.0878972222222
-1,68018236@N03,26881748840,D:\flickr_image\no_exif\68018236@N03_26881748840.jpg,1,-73.889191,41.070042
3,125879493@N07,22263771868,D:\flickr_image\images\125879493@N07_22263771868.jpg,2,-73.8621138888889,41.0884555555556
-1,76848607@N08,23388518089,D:\flickr_image\no_exif\76848607@N08_23388518089.jpg,0,-73.890545,41.0708316666667
1,78572304@N02,7517686764,D:\flickr_image\no_exif\78572304@N02_7517686764.jpg,1,-73.9196666666667,41.087
-2,78572304@N02,7517685196,D:\flickr_image\no_exif\78572304@N02_7517685196.jpg,0,-73.9196666666667,41.087
-2,78572304@N02,7517685742,D:\flickr_image\no_exif\78572304@N02_7517685742.jpg,0,-73.9196666666667,41.087
-2,78572304@N02,7517686250,D:\flickr_image\no_exif\78572304@N02_7517686250.jpg,0,-73.9196666666667,41.087
-2,66062373@N02,16603080672,D:\flickr_image\no_exif\66062373@N02_16603080672.jpg,0,-73.8616666666667,41.0901666666667
-1,66062373@N02,16416674150,D:\flickr_image\no_exif\66062373@N02_16416674150.jpg,0,-73.8611666666667,41.093
-2,79119304@N00,11344760233,D:\flickr_image\no_exif\79119304@N00_11344760233.jpg,0,-73.9194027777778,41.0886416666667
-1,8250978@N04,28286342244,D:\flickr_image\no_exif\8250978@N04_28286342244.jpg,1,-73.8692083333333,41.0758388888889
0,29775332@N00,14807409761,D:\flickr_image\images\29775332@N00_14807409761.jpg,5,-73.9552527777778,41.0970833333333
3,28706123@N00,26321730883,D:\flickr_image\images\28706123@N00_26321730883.jpg,1,-73.8685,41.076175
0,29775332@N00,15929821684,D:\flickr_image\images\29775332@N00_15929821684.jpg,11,-73.9557194444444,41.0967916666667
-1,42061903@N07,15175226746,D:\flickr_image\images\42061903@N07_15175226746.jpg,0,-73.8853083333333,41.0730972222222
-1,42061903@N07,15011680707,D:\flickr_image\images\42061903@N07_15011680707.jpg,0,-73.8698277777778,41.0754388888889
-1,42061903@N07,15011696078,D:\flickr_image\images\42061903@N07_15011696078.jpg,8,-73.8754972222222,41.0854638888889
-1,16535890@N00,10786575113,D:\flickr_image\images\16535890@N00_10786575113.jpg,0,-73.9271666666667,41.0916666666667
0,17884832@N00,8692746794,D:\flickr_image\images\17884832@N00_8692746794.jpg,1,-73.9575,41.097
-1,31744041@N02,17473316180,D:\flickr_image\images\31744041@N02_17473316180.jpg,0,-73.8746722222222,41.0703166666667
-1,31953721@N04,28959624961,D:\flickr_image\images\31953721@N04_28959624961.jpg,0,-73.9292833333333,41.0989388888889
1,21487041@N03,9676382073,D:\flickr_image\images\21487041@N03_9676382073.jpg,2,-73.919,41.0911666666667
-1,19435075@N00,7294393666,D:\flickr_image\images\19435075@N00_7294393666.jpg,0,-73.9196666666667,41.0763333333333
-2,21222943@N02,37997751721,D:\flickr_image\images\21222943@N02_37997751721.jpg,0,-73.8621972222222,41.0883416666667
1,21487041@N03,9679616822,D:\flickr_image\images\21487041@N03_9679616822.jpg,1,-73.9176666666667,41.0903333333333
-2,77179348@N00,31773952245,D:\flickr_image\images\77179348@N00_31773952245.jpg,0,-73.8622805555555,41.0880861111111
-1,42061903@N07,15197877752,D:\flickr_image\images\42061903@N07_15197877752.jpg,0,-73.8851916666667,41.0735333333333
0,110676955@N05,11344168394,D:\flickr_image\no_exif\110676955@N05_11344168394.jpg,2,-73.9555361111111,41.0969611111111
0,98047962@N05,14609314852,D:\flickr_image\images\98047962@N05_14609314852.jpg,5,-73.9550694444444,41.0969416666667
-1,94851897@N00,42088027455,D:\flickr_image\images\94851897@N00_42088027455.jpg,0,-73.8920138888889,41.0712611111111
3,98047962@N05,14609869135,D:\flickr_image\images\98047962@N05_14609869135.jpg,1,-73.9278027777778,41.0832111111111
1,14637829@N04,17343404584,D:\flickr_image\images\14637829@N04_17343404584.jpg,5,-73.9193333333333,41.0911638888889
-2,14637829@N04,36804405125,D:\flickr_image\images\14637829@N04_36804405125.jpg,0,-73.9186694444444,41.089925
1,14630887@N03,7508017938,D:\flickr_image\images\14630887@N03_7508017938.jpg,10,-73.9173333333333,41.088
1,14637829@N04,17345489633,D:\flickr_image\images\14637829@N04_17345489633.jpg,4,-73.9201055555556,41.0913166666667
-2,14637829@N04,36633658532,D:\flickr_image\images\14637829@N04_36633658532.jpg,0,-73.9178555555556,41.0930833333333
1,14637829@N04,36633662762,D:\flickr_image\images\14637829@N04_36633662762.jpg,5,-73.9192277777778,41.0912666666667
-2,14637829@N04,17345487213,D:\flickr_image\images\14637829@N04_17345487213.jpg,0,-73.9186333333333,41.0899805555556
-2,14637829@N04,36633649912,D:\flickr_image\images\14637829@N04_36633649912.jpg,0,-73.9185333333333,41.0903333333333
1,14637829@N04,35995047253,D:\flickr_image\images\14637829@N04_35995047253.jpg,1,-73.9190444444445,41.0881361111111
1,14637829@N04,17345494373,D:\flickr_image\images\14637829@N04_17345494373.jpg,1,-73.9154888888889,41.0876833333333
-2,14637829@N04,17778134868,D:\flickr_image\images\14637829@N04_17778134868.jpg,0,-73.9183722222222,41.0904805555556
1,14637829@N04,36633666982,D:\flickr_image\images\14637829@N04_36633666982.jpg,2,-73.91565,41.0887722222222
-2,14637829@N04,17343407724,D:\flickr_image\images\14637829@N04_17343407724.jpg,0,-73.9174416666667,41.0909583333333
-2,14637829@N04,17345493923,D:\flickr_image\images\14637829@N04_17345493923.jpg,0,-73.9156583333333,41.0877083333333
-1,14637829@N04,28545208127,D:\flickr_image\images\14637829@N04_28545208127.jpg,0,-73.8731222222222,41.0711555555556
1,14637829@N04,35995040073,D:\flickr_image\images\14637829@N04_35995040073.jpg,1,-73.9182138888889,41.0933444444444
1,14637829@N04,35995040813,D:\flickr_image\images\14637829@N04_35995040813.jpg,3,-73.9178777777778,41.0930222222222
0,72432016@N08,17924485220,D:\flickr_image\images\72432016@N08_17924485220.jpg,5,-73.9557333333333,41.0968666666667
3,72432016@N08,17796254952,D:\flickr_image\images\72432016@N08_17796254952.jpg,1,-73.8685527777778,41.0761972222222
-2,14637829@N04,36664645121,D:\flickr_image\images\14637829@N04_36664645121.jpg,0,-73.9200833333333,41.0912166666667
